-- phpMyAdmin SQL Dump
-- version 5.1.2-dev+20220120.2a906047e0
-- https://www.phpmyadmin.net/
--
-- Host: 127.0.0.1:3306
-- Generation Time: Feb 04, 2022 at 10:13 AM
-- Server version: 8.0.27
-- PHP Version: 8.0.13

SET SQL_MODE = "NO_AUTO_VALUE_ON_ZERO";
START TRANSACTION;
SET time_zone = "+00:00";


/*!40101 SET @OLD_CHARACTER_SET_CLIENT=@@CHARACTER_SET_CLIENT */;
/*!40101 SET @OLD_CHARACTER_SET_RESULTS=@@CHARACTER_SET_RESULTS */;
/*!40101 SET @OLD_COLLATION_CONNECTION=@@COLLATION_CONNECTION */;
/*!40101 SET NAMES utf8mb4 */;

--
-- Database: `admin-app`
--

-- --------------------------------------------------------

--
-- Table structure for table `admin_web`
--

DROP TABLE IF EXISTS `admin_web`;
CREATE TABLE IF NOT EXISTS `admin_web` (
  `nik` varchar(50) NOT NULL,
  `username` varchar(255) NOT NULL,
  `password` varchar(255) NOT NULL,
  `fullname` varchar(255) NOT NULL,
  `position` varchar(255) NOT NULL,
  `enable_login` varchar(50) NOT NULL,
  `create` varchar(255) NOT NULL,
  `update` varchar(255) NOT NULL,
  PRIMARY KEY (`nik`)
) ENGINE=InnoDB DEFAULT CHARSET=utf8mb4 COLLATE=utf8mb4_0900_ai_ci;

--
-- Dumping data for table `admin_web`
--

INSERT INTO `admin_web` (`nik`, `username`, `password`, `fullname`, `position`, `enable_login`, `create`, `update`) VALUES
('1', 'user', '$2y$10$xLY/fvzko.JxkaPqha2AQOzOwY3M3vhC4jAsuw.1MAQicJSsH3tJu', 'User Etowa', 'user', '1', 'master 2022-Jan-14 08:44:20 AM', ''),
('1111', 'master', '$2y$10$XDf1nJMfzdADUzQ9UbdD1uflA.7.vToF6.ywhkSblWQw8cXFj.FyC', 'master', 'admin', '1', '', ''),
('2222', 'admin', '$2y$10$HSHAVqy8kfBDQ4ZmlbZkdeiigGMvvL3/mMaKvLc0aZnoFKTrFoijy', 'admin', 'adminUndia', '1', '03-Nov-2021 02:17:49 PM', ''),
('3333', 'HOD', '$2y$10$HSHAVqy8kfBDQ4ZmlbZkdeiigGMvvL3/mMaKvLc0aZnoFKTrFoijy', 'tes', 'hod', '1', '', '');

-- --------------------------------------------------------

--
-- Table structure for table `app_company`
--

DROP TABLE IF EXISTS `app_company`;
CREATE TABLE IF NOT EXISTS `app_company` (
  `id` int NOT NULL AUTO_INCREMENT,
  `date` varchar(50) DEFAULT NULL,
  `company` varchar(50) DEFAULT NULL,
  PRIMARY KEY (`id`)
) ENGINE=InnoDB AUTO_INCREMENT=5 DEFAULT CHARSET=utf8mb4 COLLATE=utf8mb4_0900_ai_ci;

--
-- Dumping data for table `app_company`
--

INSERT INTO `app_company` (`id`, `date`, `company`) VALUES
(2, '04-Nov-2021', 'PT Etowa Packaging Indonesia');

-- --------------------------------------------------------

--
-- Table structure for table `hadiah_undia`
--

DROP TABLE IF EXISTS `hadiah_undia`;
CREATE TABLE IF NOT EXISTS `hadiah_undia` (
  `id` int NOT NULL AUTO_INCREMENT,
  `barang` text,
  `create` varchar(50) DEFAULT NULL,
  PRIMARY KEY (`id`)
) ENGINE=InnoDB AUTO_INCREMENT=32 DEFAULT CHARSET=utf8mb4 COLLATE=utf8mb4_0900_ai_ci;

-- --------------------------------------------------------

--
-- Table structure for table `list_patrol`
--

DROP TABLE IF EXISTS `list_patrol`;
CREATE TABLE IF NOT EXISTS `list_patrol` (
  `id` int NOT NULL AUTO_INCREMENT,
  `id_user` int NOT NULL,
  `patrol_ke` int NOT NULL DEFAULT '0',
  `qr_code` varchar(50) NOT NULL DEFAULT '0',
  `tgl` varchar(50) NOT NULL DEFAULT '0',
  `create` varchar(50) NOT NULL DEFAULT '0',
  `update` varchar(50) NOT NULL DEFAULT '0',
  PRIMARY KEY (`id`),
  KEY `id_user` (`id_user`)
) ENGINE=InnoDB AUTO_INCREMENT=1482 DEFAULT CHARSET=utf8mb4 COLLATE=utf8mb4_0900_ai_ci;

--
-- Dumping data for table `list_patrol`
--

INSERT INTO `list_patrol` (`id`, `id_user`, `patrol_ke`, `qr_code`, `tgl`, `create`, `update`) VALUES
(436, 5, 0, 'QR-001-L7', '2022-01-17 08:13:50', '2022-01-17 08:11:19', '0'),
(437, 5, 0, 'QR-001-L7', '2022-01-17 16:25:37', '2022-01-17 16:23:03', '0'),
(438, 277, 0, 'QR-001-L7', '2022-01-18 08:21:36', '2022-01-18 08:19:21', '0'),
(439, 438, 0, 'QR-005-L6', '2022-01-18 09:15:58', '2022-01-18 16:10:50', '0'),
(440, 438, 0, 'QR-004-L6', '2022-01-18 09:15:37', '2022-01-18 16:10:50', '0'),
(441, 438, 0, 'QR-003-L6', '2022-01-18 09:15:20', '2022-01-18 16:10:50', '0'),
(442, 438, 0, 'QR-002-L1', '2022-01-18 09:15:09', '2022-01-18 16:10:50', '0'),
(443, 438, 0, 'QR-006-L7', '2022-01-18 09:16:09', '2022-01-18 16:10:50', '0'),
(444, 438, 0, 'QR-017-L6', '2022-01-18 09:17:17', '2022-01-18 16:10:50', '0'),
(445, 438, 0, 'QR-020-L7', '2022-01-18 09:16:36', '2022-01-18 16:10:50', '0'),
(446, 438, 0, 'QR-013-L6', '2022-01-18 09:16:55', '2022-01-18 16:10:50', '0'),
(447, 438, 0, 'QR-018-L7', '2022-01-18 09:17:34', '2022-01-18 16:10:50', '0'),
(448, 438, 0, 'QR-019-L7', '2022-01-18 09:18:01', '2022-01-18 16:10:50', '0'),
(449, 438, 0, 'QR-016-L1', '2022-01-18 09:18:52', '2022-01-18 16:10:50', '0'),
(450, 438, 0, 'QR-015-L6', '2022-01-18 09:19:06', '2022-01-18 16:10:51', '0'),
(451, 438, 0, 'QR-024-L1', '2022-01-18 09:19:20', '2022-01-18 16:10:51', '0'),
(452, 438, 0, 'QR-014-L6', '2022-01-18 09:19:54', '2022-01-18 16:10:51', '0'),
(453, 438, 0, 'QR-012-L6', '2022-01-18 09:20:30', '2022-01-18 16:10:51', '0'),
(454, 438, 0, 'QR-011-L6', '2022-01-18 09:20:17', '2022-01-18 16:10:51', '0'),
(455, 438, 0, 'QR-010-L6', '2022-01-18 09:21:00', '2022-01-18 16:10:51', '0'),
(456, 438, 0, 'QR-009-L6', '2022-01-18 09:21:22', '2022-01-18 16:10:51', '0'),
(457, 277, 0, 'QR-002-L1', '2022-01-19 01:21:58', '2022-01-19 01:31:38', '0'),
(458, 277, 0, 'QR-001-L7', '2022-01-19 01:17:15', '2022-01-19 01:31:38', '0'),
(459, 277, 0, 'QR-018-L7', '2022-01-19 01:20:20', '2022-01-19 01:31:38', '0'),
(460, 277, 0, 'QR-019-L7', '2022-01-19 01:19:54', '2022-01-19 01:31:38', '0'),
(461, 277, 0, 'QR-020-L7', '2022-01-19 01:24:24', '2022-01-19 01:31:38', '0'),
(462, 277, 0, 'QR-006-L7', '2022-01-19 01:23:42', '2022-01-19 01:31:38', '0'),
(463, 277, 0, 'QR-008-L7', '2022-01-19 01:22:57', '2022-01-19 01:31:38', '0'),
(464, 277, 0, 'QR-007-L7', '2022-01-19 01:22:29', '2022-01-19 01:31:38', '0'),
(465, 277, 0, 'QR-021-L7', '2022-01-19 01:25:02', '2022-01-19 01:31:38', '0'),
(466, 277, 0, 'QR-013-L6', '2022-01-19 01:26:45', '2022-01-19 01:31:38', '0'),
(467, 277, 0, 'QR-015-L6', '2022-01-19 01:28:13', '2022-01-19 01:31:38', '0'),
(468, 277, 0, 'QR-016-L1', '2022-01-19 01:27:55', '2022-01-19 01:31:38', '0'),
(469, 277, 0, 'QR-017-L6', '2022-01-19 01:27:35', '2022-01-19 01:31:38', '0'),
(470, 277, 0, 'QR-024-L1', '2022-01-19 01:28:30', '2022-01-19 01:31:38', '0'),
(471, 277, 0, 'QR-012-L6', '2022-01-19 01:30:12', '2022-01-19 01:31:38', '0'),
(472, 277, 0, 'QR-011-L6', '2022-01-19 01:30:01', '2022-01-19 01:31:38', '0'),
(473, 277, 0, 'QR-010-L6', '2022-01-19 01:30:52', '2022-01-19 01:31:38', '0'),
(474, 277, 0, 'QR-009-L6', '2022-01-19 01:31:20', '2022-01-19 01:31:38', '0'),
(475, 277, 0, 'QR-005-L6', '2022-01-19 01:31:45', '2022-01-19 01:31:38', '0'),
(476, 277, 0, 'QR-003-L6', '2022-01-19 01:32:00', '2022-01-19 01:31:38', '0'),
(477, 277, 0, 'QR-004-L6', '2022-01-19 01:32:28', '2022-01-19 01:31:38', '0'),
(478, 277, 0, 'QR-019-L7', '2022-01-19 03:47:12', '2022-01-19 05:27:51', '0'),
(479, 277, 0, 'QR-018-L7', '2022-01-19 03:47:42', '2022-01-19 05:27:51', '0'),
(480, 277, 0, 'QR-001-L7', '2022-01-19 03:46:08', '2022-01-19 05:27:51', '0'),
(481, 277, 0, 'QR-002-L1', '2022-01-19 03:49:30', '2022-01-19 05:27:51', '0'),
(482, 277, 0, 'QR-020-L7', '2022-01-19 03:52:10', '2022-01-19 05:27:51', '0'),
(483, 277, 0, 'QR-008-L7', '2022-01-19 03:50:36', '2022-01-19 05:27:51', '0'),
(484, 277, 0, 'QR-006-L7', '2022-01-19 03:51:26', '2022-01-19 05:27:51', '0'),
(485, 277, 0, 'QR-007-L7', '2022-01-19 03:50:03', '2022-01-19 05:27:51', '0'),
(486, 277, 0, 'QR-016-L1', '2022-01-19 03:56:36', '2022-01-19 05:27:52', '0'),
(487, 277, 0, 'QR-017-L6', '2022-01-19 03:56:13', '2022-01-19 05:27:52', '0'),
(488, 277, 0, 'QR-013-L6', '2022-01-19 03:55:07', '2022-01-19 05:27:52', '0'),
(489, 277, 0, 'QR-021-L7', '2022-01-19 03:53:05', '2022-01-19 05:27:52', '0'),
(490, 277, 0, 'QR-010-L6', '2022-01-19 04:00:00', '2022-01-19 05:27:52', '0'),
(491, 277, 0, 'QR-012-L6', '2022-01-19 03:59:06', '2022-01-19 05:27:52', '0'),
(492, 277, 0, 'QR-015-L6', '2022-01-19 03:56:54', '2022-01-19 05:27:52', '0'),
(493, 277, 0, 'QR-011-L6', '2022-01-19 03:58:55', '2022-01-19 05:27:52', '0'),
(494, 277, 0, 'QR-024-L1', '2022-01-19 03:57:12', '2022-01-19 05:27:52', '0'),
(495, 277, 0, 'QR-009-L6', '2022-01-19 04:00:46', '2022-01-19 05:27:52', '0'),
(496, 277, 0, 'QR-005-L6', '2022-01-19 04:01:11', '2022-01-19 05:27:52', '0'),
(497, 277, 0, 'QR-003-L6', '2022-01-19 04:01:27', '2022-01-19 05:27:52', '0'),
(498, 277, 0, 'QR-004-L6', '2022-01-19 04:01:52', '2022-01-19 05:27:52', '0'),
(499, 438, 0, 'QR-001-L7', '2022-01-19 08:43:57', '2022-01-19 08:41:30', '0'),
(500, 438, 0, 'QR-002-L1', '2022-01-19 08:47:36', '2022-01-19 08:56:43', '0'),
(501, 438, 0, 'QR-003-L6', '2022-01-19 08:47:47', '2022-01-19 08:56:43', '0'),
(502, 438, 0, 'QR-004-L6', '2022-01-19 08:48:05', '2022-01-19 08:56:43', '0'),
(503, 438, 0, 'QR-001-L7', '2022-01-19 08:46:04', '2022-01-19 08:56:43', '0'),
(504, 438, 0, 'QR-015-L6', '2022-01-19 08:50:04', '2022-01-19 08:56:43', '0'),
(505, 438, 0, 'QR-014-L6', '2022-01-19 08:49:41', '2022-01-19 08:56:43', '0'),
(506, 438, 0, 'QR-011-L6', '2022-01-19 08:49:04', '2022-01-19 08:56:43', '0'),
(507, 438, 0, 'QR-012-L6', '2022-01-19 08:49:18', '2022-01-19 08:56:43', '0'),
(508, 438, 0, 'QR-017-L6', '2022-01-19 08:52:54', '2022-01-19 08:56:44', '0'),
(509, 438, 0, 'QR-018-L7', '2022-01-19 08:53:18', '2022-01-19 08:56:44', '0'),
(510, 438, 0, 'QR-024-L1', '2022-01-19 08:50:20', '2022-01-19 08:56:44', '0'),
(511, 438, 0, 'QR-016-L1', '2022-01-19 08:52:11', '2022-01-19 08:56:44', '0'),
(512, 438, 0, 'QR-019-L7', '2022-01-19 08:53:45', '2022-01-19 08:56:44', '0'),
(513, 438, 0, 'QR-013-L6', '2022-01-19 08:55:01', '2022-01-19 08:56:44', '0'),
(514, 438, 0, 'QR-020-L7', '2022-01-19 08:54:40', '2022-01-19 08:56:44', '0'),
(515, 438, 0, 'QR-005-L6', '2022-01-19 08:55:35', '2022-01-19 08:56:44', '0'),
(516, 438, 0, 'QR-006-L7', '2022-01-19 08:55:45', '2022-01-19 08:56:44', '0'),
(517, 279, 0, 'QR-018-L7', '2022-01-19 17:37:10', '2022-01-19 17:42:57', '0'),
(518, 279, 0, 'QR-001-L7', '2022-01-19 17:35:58', '2022-01-19 17:42:57', '0'),
(519, 279, 0, 'QR-019-L7', '2022-01-19 17:36:48', '2022-01-19 17:42:57', '0'),
(520, 279, 0, 'QR-017-L6', '2022-01-19 17:37:28', '2022-01-19 17:42:57', '0'),
(521, 279, 0, 'QR-011-L6', '2022-01-19 17:40:23', '2022-01-19 17:42:58', '0'),
(522, 279, 0, 'QR-015-L6', '2022-01-19 17:38:12', '2022-01-19 17:42:58', '0'),
(523, 279, 0, 'QR-024-L1', '2022-01-19 17:38:27', '2022-01-19 17:42:58', '0'),
(524, 279, 0, 'QR-012-L6', '2022-01-19 17:41:17', '2022-01-19 17:42:58', '0'),
(525, 279, 0, 'QR-006-L7', '2022-01-19 17:42:52', '2022-01-19 17:42:58', '0'),
(526, 279, 0, 'QR-004-L6', '2022-01-19 17:44:39', '2022-01-19 17:42:58', '0'),
(527, 279, 0, 'QR-007-L7', '2022-01-19 17:43:28', '2022-01-19 17:42:58', '0'),
(528, 279, 0, 'QR-003-L6', '2022-01-19 17:44:18', '2022-01-19 17:42:58', '0'),
(529, 279, 0, 'QR-002-L1', '2022-01-19 17:45:11', '2022-01-19 17:42:58', '0'),
(530, 279, 0, 'QR-019-L7', '2022-01-19 19:45:48', '2022-01-19 19:52:51', '0'),
(531, 279, 0, 'QR-018-L7', '2022-01-19 19:48:06', '2022-01-19 19:52:51', '0'),
(532, 279, 0, 'QR-017-L6', '2022-01-19 19:48:12', '2022-01-19 19:52:51', '0'),
(533, 279, 0, 'QR-001-L7', '2022-01-19 19:44:39', '2022-01-19 19:52:51', '0'),
(534, 279, 0, 'QR-015-L6', '2022-01-19 19:48:50', '2022-01-19 19:52:51', '0'),
(535, 279, 0, 'QR-011-L6', '2022-01-19 19:49:03', '2022-01-19 19:52:51', '0'),
(536, 279, 0, 'QR-012-L6', '2022-01-19 19:49:10', '2022-01-19 19:52:51', '0'),
(537, 279, 0, 'QR-024-L1', '2022-01-19 19:48:58', '2022-01-19 19:52:51', '0'),
(538, 279, 0, 'QR-007-L7', '2022-01-19 19:49:20', '2022-01-19 19:52:51', '0'),
(539, 279, 0, 'QR-008-L7', '2022-01-19 19:49:24', '2022-01-19 19:52:51', '0'),
(540, 279, 0, 'QR-006-L7', '2022-01-19 19:50:57', '2022-01-19 19:52:51', '0'),
(541, 279, 0, 'QR-005-L6', '2022-01-19 19:51:59', '2022-01-19 19:52:51', '0'),
(542, 279, 0, 'QR-003-L6', '2022-01-19 19:54:47', '2022-01-19 19:52:51', '0'),
(543, 279, 0, 'QR-004-L6', '2022-01-19 19:53:43', '2022-01-19 19:52:51', '0'),
(544, 279, 0, 'QR-002-L1', '2022-01-19 19:55:01', '2022-01-19 19:52:51', '0'),
(545, 279, 0, 'QR-019-L7', '2022-01-19 23:40:32', '2022-01-19 23:53:24', '0'),
(546, 279, 0, 'QR-002-L1', '2022-01-19 23:52:35', '2022-01-19 23:53:24', '0'),
(547, 279, 0, 'QR-006-L7', '2022-01-19 23:52:51', '2022-01-19 23:53:24', '0'),
(548, 279, 0, 'QR-005-L6', '2022-01-19 23:53:04', '2022-01-19 23:53:24', '0'),
(549, 279, 0, 'QR-003-L6', '2022-01-19 23:53:19', '2022-01-19 23:53:24', '0'),
(550, 279, 0, 'QR-004-L6', '2022-01-19 23:53:39', '2022-01-19 23:53:24', '0'),
(551, 279, 0, 'QR-018-L7', '2022-01-19 23:55:34', '2022-01-19 23:53:24', '0'),
(552, 276, 0, 'QR-001-L7', '2022-01-20 01:24:10', '2022-01-20 01:27:43', '0'),
(553, 276, 0, 'QR-002-L1', '2022-01-20 01:25:27', '2022-01-20 01:27:44', '0'),
(554, 276, 0, 'QR-006-L7', '2022-01-20 01:27:17', '2022-01-20 01:27:44', '0'),
(555, 276, 0, 'QR-007-L7', '2022-01-20 01:29:16', '2022-01-20 01:27:44', '0'),
(556, 276, 0, 'QR-008-L7', '2022-01-20 01:30:05', '2022-01-20 01:27:44', '0'),
(557, 276, 0, 'QR-013-L6', '2022-01-20 01:32:24', '2022-01-20 03:00:56', '0'),
(558, 276, 0, 'QR-023-L7', '2022-01-20 01:34:57', '2022-01-20 03:00:56', '0'),
(559, 276, 0, 'QR-021-L7', '2022-01-20 01:35:11', '2022-01-20 03:00:56', '0'),
(560, 276, 0, 'QR-020-L7', '2022-01-20 01:36:05', '2022-01-20 03:00:56', '0'),
(561, 276, 0, 'QR-018-L7', '2022-01-20 01:36:44', '2022-01-20 03:00:56', '0'),
(562, 276, 0, 'QR-019-L7', '2022-01-20 01:37:20', '2022-01-20 03:00:56', '0'),
(563, 276, 0, 'QR-017-L6', '2022-01-20 01:38:11', '2022-01-20 03:00:56', '0'),
(564, 276, 0, 'QR-012-L6', '2022-01-20 01:41:26', '2022-01-20 03:00:56', '0'),
(565, 276, 0, 'QR-024-L1', '2022-01-20 01:39:13', '2022-01-20 03:00:56', '0'),
(566, 276, 0, 'QR-015-L6', '2022-01-20 01:38:50', '2022-01-20 03:00:56', '0'),
(567, 276, 0, 'QR-009-L6', '2022-01-20 01:43:08', '2022-01-20 03:00:56', '0'),
(568, 276, 0, 'QR-004-L6', '2022-01-20 01:44:28', '2022-01-20 03:00:57', '0'),
(569, 276, 0, 'QR-005-L6', '2022-01-20 01:43:43', '2022-01-20 03:00:57', '0'),
(570, 276, 0, 'QR-010-L6', '2022-01-20 01:42:15', '2022-01-20 03:00:57', '0'),
(571, 276, 0, 'QR-003-L6', '2022-01-20 01:46:00', '2022-01-20 03:00:57', '0'),
(572, 276, 0, 'QR-002-L1', '2022-01-20 03:06:33', '2022-01-20 05:18:55', '0'),
(573, 276, 0, 'QR-006-L7', '2022-01-20 03:07:08', '2022-01-20 05:18:55', '0'),
(574, 276, 0, 'QR-001-L7', '2022-01-20 03:05:33', '2022-01-20 05:18:55', '0'),
(575, 276, 0, 'QR-008-L7', '2022-01-20 03:09:52', '2022-01-20 05:18:55', '0'),
(576, 276, 0, 'QR-013-L6', '2022-01-20 03:11:43', '2022-01-20 05:18:55', '0'),
(577, 276, 0, 'QR-023-L7', '2022-01-20 03:14:05', '2022-01-20 05:18:55', '0'),
(578, 276, 0, 'QR-021-L7', '2022-01-20 03:14:17', '2022-01-20 05:18:55', '0'),
(579, 276, 0, 'QR-007-L7', '2022-01-20 03:09:16', '2022-01-20 05:18:55', '0'),
(580, 276, 0, 'QR-018-L7', '2022-01-20 03:15:41', '2022-01-20 05:18:55', '0'),
(581, 276, 0, 'QR-020-L7', '2022-01-20 03:15:03', '2022-01-20 05:18:55', '0'),
(582, 276, 0, 'QR-015-L6', '2022-01-20 03:18:16', '2022-01-20 05:18:55', '0'),
(583, 276, 0, 'QR-017-L6', '2022-01-20 03:17:05', '2022-01-20 05:18:55', '0'),
(584, 276, 0, 'QR-019-L7', '2022-01-20 03:16:17', '2022-01-20 05:18:55', '0'),
(585, 276, 0, 'QR-012-L6', '2022-01-20 03:20:44', '2022-01-20 05:18:55', '0'),
(586, 276, 0, 'QR-024-L1', '2022-01-20 03:18:40', '2022-01-20 05:18:55', '0'),
(587, 276, 0, 'QR-010-L6', '2022-01-20 03:21:27', '2022-01-20 05:18:55', '0'),
(588, 276, 0, 'QR-009-L6', '2022-01-20 03:22:00', '2022-01-20 05:18:55', '0'),
(589, 276, 0, 'QR-005-L6', '2022-01-20 03:22:30', '2022-01-20 05:18:55', '0'),
(590, 276, 0, 'QR-004-L6', '2022-01-20 03:23:04', '2022-01-20 05:18:55', '0'),
(591, 276, 0, 'QR-003-L6', '2022-01-20 03:23:28', '2022-01-20 05:18:55', '0'),
(592, 438, 0, 'QR-004-L6', '2022-01-20 08:50:49', '2022-01-20 14:00:45', '0'),
(593, 438, 0, 'QR-002-L1', '2022-01-20 08:50:20', '2022-01-20 14:00:45', '0'),
(594, 438, 0, 'QR-003-L6', '2022-01-20 08:50:33', '2022-01-20 14:00:45', '0'),
(595, 438, 0, 'QR-011-L6', '2022-01-20 08:51:33', '2022-01-20 14:00:45', '0'),
(596, 438, 0, 'QR-012-L6', '2022-01-20 08:51:44', '2022-01-20 14:00:45', '0'),
(597, 438, 0, 'QR-014-L6', '2022-01-20 08:52:04', '2022-01-20 14:00:45', '0'),
(598, 438, 0, 'QR-024-L1', '2022-01-20 08:52:38', '2022-01-20 14:00:45', '0'),
(599, 438, 0, 'QR-015-L6', '2022-01-20 08:52:53', '2022-01-20 14:00:45', '0'),
(600, 438, 0, 'QR-017-L6', '2022-01-20 08:53:27', '2022-01-20 14:00:46', '0'),
(601, 438, 0, 'QR-016-L1', '2022-01-20 08:53:08', '2022-01-20 14:00:46', '0'),
(602, 438, 0, 'QR-019-L7', '2022-01-20 08:54:06', '2022-01-20 14:00:46', '0'),
(603, 438, 0, 'QR-018-L7', '2022-01-20 08:53:46', '2022-01-20 14:00:46', '0'),
(604, 438, 0, 'QR-020-L7', '2022-01-20 08:54:48', '2022-01-20 14:00:46', '0'),
(605, 438, 0, 'QR-013-L6', '2022-01-20 08:55:10', '2022-01-20 14:00:46', '0'),
(606, 438, 0, 'QR-006-L7', '2022-01-20 08:55:45', '2022-01-20 14:00:46', '0'),
(607, 438, 0, 'QR-001-L7', '2022-01-20 08:57:39', '2022-01-20 14:00:46', '0'),
(608, 438, 0, 'QR-005-L6', '2022-01-20 08:57:01', '2022-01-20 14:00:46', '0'),
(609, 279, 0, 'QR-001-L7', '2022-01-20 17:52:40', '2022-01-20 17:59:04', '0'),
(610, 279, 0, 'QR-019-L7', '2022-01-20 17:54:09', '2022-01-20 17:59:04', '0'),
(611, 279, 0, 'QR-018-L7', '2022-01-20 17:54:32', '2022-01-20 17:59:05', '0'),
(612, 279, 0, 'QR-017-L6', '2022-01-20 17:54:52', '2022-01-20 17:59:05', '0'),
(613, 279, 0, 'QR-016-L1', '2022-01-20 17:55:33', '2022-01-20 17:59:05', '0'),
(614, 279, 0, 'QR-024-L1', '2022-01-20 17:56:03', '2022-01-20 17:59:05', '0'),
(615, 279, 0, 'QR-015-L6', '2022-01-20 17:55:49', '2022-01-20 17:59:05', '0'),
(616, 279, 0, 'QR-011-L6', '2022-01-20 17:57:56', '2022-01-20 17:59:05', '0'),
(617, 279, 0, 'QR-006-L7', '2022-01-20 17:59:09', '2022-01-20 17:59:05', '0'),
(618, 279, 0, 'QR-014-L6', '2022-01-20 17:56:48', '2022-01-20 17:59:05', '0'),
(619, 279, 0, 'QR-012-L6', '2022-01-20 17:58:07', '2022-01-20 17:59:05', '0'),
(620, 279, 0, 'QR-007-L7', '2022-01-20 17:59:41', '2022-01-20 17:59:05', '0'),
(621, 279, 0, 'QR-005-L6', '2022-01-20 18:00:17', '2022-01-20 17:59:05', '0'),
(622, 279, 0, 'QR-003-L6', '2022-01-20 18:00:36', '2022-01-20 17:59:05', '0'),
(623, 279, 0, 'QR-004-L6', '2022-01-20 18:00:54', '2022-01-20 17:59:05', '0'),
(624, 279, 0, 'QR-002-L1', '2022-01-20 18:01:19', '2022-01-20 17:59:05', '0'),
(625, 279, 0, 'QR-001-L7', '2022-01-20 19:55:11', '2022-01-20 20:00:37', '0'),
(626, 279, 0, 'QR-006-L7', '2022-01-20 19:58:48', '2022-01-20 20:00:37', '0'),
(627, 279, 0, 'QR-005-L6', '2022-01-20 19:59:22', '2022-01-20 20:00:37', '0'),
(628, 279, 0, 'QR-002-L1', '2022-01-20 19:58:31', '2022-01-20 20:00:37', '0'),
(629, 279, 0, 'QR-019-L7', '2022-01-20 19:56:20', '2022-01-20 20:00:37', '0'),
(630, 279, 0, 'QR-003-L6', '2022-01-20 19:59:37', '2022-01-20 20:00:37', '0'),
(631, 279, 0, 'QR-017-L6', '2022-01-20 20:01:48', '2022-01-20 20:00:37', '0'),
(632, 279, 0, 'QR-004-L6', '2022-01-20 19:59:58', '2022-01-20 20:00:37', '0'),
(633, 279, 0, 'QR-015-L6', '2022-01-20 20:02:16', '2022-01-20 20:00:37', '0'),
(634, 279, 0, 'QR-018-L7', '2022-01-20 20:01:43', '2022-01-20 20:00:37', '0'),
(635, 279, 0, 'QR-011-L6', '2022-01-20 20:02:56', '2022-01-20 20:00:37', '0'),
(636, 279, 0, 'QR-012-L6', '2022-01-20 20:03:03', '2022-01-20 20:00:37', '0'),
(637, 279, 0, 'QR-008-L7', '2022-01-20 20:03:13', '2022-01-20 20:00:37', '0'),
(638, 279, 0, 'QR-007-L7', '2022-01-20 20:03:10', '2022-01-20 20:00:37', '0'),
(639, 279, 0, 'QR-019-L7', '2022-01-20 22:29:47', '2022-01-20 22:33:42', '0'),
(640, 279, 0, 'QR-002-L1', '2022-01-20 22:31:37', '2022-01-20 22:33:42', '0'),
(641, 279, 0, 'QR-001-L7', '2022-01-20 22:30:55', '2022-01-20 22:33:42', '0'),
(642, 279, 0, 'QR-006-L7', '2022-01-20 22:32:38', '2022-01-20 22:33:42', '0'),
(643, 279, 0, 'QR-004-L6', '2022-01-20 22:33:29', '2022-01-20 22:33:42', '0'),
(644, 279, 0, 'QR-003-L6', '2022-01-20 22:33:07', '2022-01-20 22:33:42', '0'),
(645, 279, 0, 'QR-005-L6', '2022-01-20 22:32:51', '2022-01-20 22:33:42', '0'),
(646, 279, 0, 'QR-018-L7', '2022-01-20 22:35:40', '2022-01-20 22:33:42', '0'),
(647, 279, 0, 'QR-017-L6', '2022-01-20 22:35:55', '2022-01-20 22:33:43', '0'),
(648, 279, 0, 'QR-015-L6', '2022-01-20 22:36:11', '2022-01-20 22:33:43', '0'),
(649, 279, 0, 'QR-024-L1', '2022-01-20 22:36:16', '2022-01-20 22:33:43', '0'),
(650, 279, 0, 'QR-011-L6', '2022-01-20 22:36:19', '2022-01-20 22:33:43', '0'),
(651, 278, 0, 'QR-018-L7', '2022-01-21 03:11:49', '2022-01-21 04:47:03', '0'),
(652, 276, 0, 'QR-002-L1', '2022-01-21 09:20:23', '2022-01-21 20:21:30', '0'),
(653, 276, 0, 'QR-004-L6', '2022-01-21 09:20:54', '2022-01-21 20:21:30', '0'),
(654, 276, 0, 'QR-003-L6', '2022-01-21 09:20:34', '2022-01-21 20:21:30', '0'),
(655, 276, 0, 'QR-001-L7', '2022-01-21 09:19:52', '2022-01-21 20:21:30', '0'),
(656, 276, 0, 'QR-014-L6', '2022-01-21 09:22:13', '2022-01-21 20:21:30', '0'),
(657, 276, 0, 'QR-024-L1', '2022-01-21 09:23:12', '2022-01-21 20:21:30', '0'),
(658, 276, 0, 'QR-012-L6', '2022-01-21 09:21:50', '2022-01-21 20:21:30', '0'),
(659, 276, 0, 'QR-015-L6', '2022-01-21 09:22:42', '2022-01-21 20:21:30', '0'),
(660, 276, 0, 'QR-011-L6', '2022-01-21 09:21:29', '2022-01-21 20:21:30', '0'),
(661, 276, 0, 'QR-017-L6', '2022-01-21 09:25:00', '2022-01-21 20:21:31', '0'),
(662, 276, 0, 'QR-016-L1', '2022-01-21 09:24:10', '2022-01-21 20:21:31', '0'),
(663, 276, 0, 'QR-018-L7', '2022-01-21 09:25:19', '2022-01-21 20:21:31', '0'),
(664, 276, 0, 'QR-019-L7', '2022-01-21 09:25:41', '2022-01-21 20:21:31', '0'),
(665, 276, 0, 'QR-020-L7', '2022-01-21 09:26:25', '2022-01-21 20:21:31', '0'),
(666, 276, 0, 'QR-013-L6', '2022-01-21 09:26:46', '2022-01-21 20:21:31', '0'),
(667, 276, 0, 'QR-005-L6', '2022-01-21 09:28:26', '2022-01-21 20:21:31', '0'),
(668, 276, 0, 'QR-001-L7', '2022-01-21 20:24:27', '2022-01-21 20:22:37', '0'),
(669, 276, 0, 'QR-002-L1', '2022-01-21 20:25:19', '2022-01-21 20:22:37', '0'),
(670, 276, 0, 'QR-006-L7', '2022-01-21 20:25:53', '2022-01-21 20:30:57', '0'),
(671, 276, 0, 'QR-007-L7', '2022-01-21 20:28:06', '2022-01-21 20:30:57', '0'),
(672, 276, 0, 'QR-013-L6', '2022-01-21 20:30:36', '2022-01-21 20:30:58', '0'),
(673, 276, 0, 'QR-008-L7', '2022-01-21 20:28:42', '2022-01-21 20:30:58', '0'),
(674, 276, 0, 'QR-023-L7', '2022-01-21 20:33:53', '2022-01-21 22:00:52', '0'),
(675, 276, 0, 'QR-018-L7', '2022-01-21 20:35:29', '2022-01-21 22:00:52', '0'),
(676, 276, 0, 'QR-019-L7', '2022-01-21 20:36:07', '2022-01-21 22:00:52', '0'),
(677, 276, 0, 'QR-021-L7', '2022-01-21 20:34:11', '2022-01-21 22:00:52', '0'),
(678, 276, 0, 'QR-020-L7', '2022-01-21 20:34:54', '2022-01-21 22:00:52', '0'),
(679, 276, 0, 'QR-015-L6', '2022-01-21 20:38:17', '2022-01-21 22:00:52', '0'),
(680, 276, 0, 'QR-017-L6', '2022-01-21 20:37:08', '2022-01-21 22:00:53', '0'),
(681, 276, 0, 'QR-012-L6', '2022-01-21 20:41:22', '2022-01-21 22:00:53', '0'),
(682, 276, 0, 'QR-024-L1', '2022-01-21 20:38:41', '2022-01-21 22:00:53', '0'),
(683, 276, 0, 'QR-010-L6', '2022-01-21 20:42:10', '2022-01-21 22:00:53', '0'),
(684, 276, 0, 'QR-005-L6', '2022-01-21 20:43:39', '2022-01-21 22:00:53', '0'),
(685, 276, 0, 'QR-009-L6', '2022-01-21 20:42:55', '2022-01-21 22:00:53', '0'),
(686, 276, 0, 'QR-004-L6', '2022-01-21 20:44:14', '2022-01-21 22:00:53', '0'),
(687, 276, 0, 'QR-003-L6', '2022-01-21 20:45:24', '2022-01-21 22:00:53', '0'),
(688, 276, 0, 'QR-001-L7', '2022-01-21 22:04:40', '2022-01-21 22:02:07', '0'),
(689, 276, 0, 'QR-001-L7', '2022-01-21 22:05:08', '2022-01-21 22:03:16', '0'),
(690, 276, 0, 'QR-008-L7', '2022-01-21 22:09:43', '2022-01-21 22:07:11', '0'),
(691, 276, 0, 'QR-007-L7', '2022-01-21 22:09:12', '2022-01-21 22:07:11', '0'),
(692, 276, 0, 'QR-006-L7', '2022-01-21 22:07:41', '2022-01-21 22:07:11', '0'),
(693, 276, 0, 'QR-013-L6', '2022-01-21 22:11:31', '2022-01-21 23:18:01', '0'),
(694, 276, 0, 'QR-023-L7', '2022-01-21 22:14:13', '2022-01-21 23:18:01', '0'),
(695, 276, 0, 'QR-018-L7', '2022-01-21 22:15:36', '2022-01-21 23:18:01', '0'),
(696, 276, 0, 'QR-017-L6', '2022-01-21 22:16:54', '2022-01-21 23:18:01', '0'),
(697, 276, 0, 'QR-021-L7', '2022-01-21 22:14:24', '2022-01-21 23:18:01', '0'),
(698, 276, 0, 'QR-020-L7', '2022-01-21 22:15:06', '2022-01-21 23:18:01', '0'),
(699, 276, 0, 'QR-019-L7', '2022-01-21 22:16:05', '2022-01-21 23:18:01', '0'),
(700, 276, 0, 'QR-015-L6', '2022-01-21 22:17:31', '2022-01-21 23:18:01', '0'),
(701, 276, 0, 'QR-024-L1', '2022-01-21 22:17:52', '2022-01-21 23:18:01', '0'),
(702, 276, 0, 'QR-012-L6', '2022-01-21 22:19:46', '2022-01-21 23:18:01', '0'),
(703, 276, 0, 'QR-010-L6', '2022-01-21 22:20:31', '2022-01-21 23:18:01', '0'),
(704, 276, 0, 'QR-009-L6', '2022-01-21 22:21:00', '2022-01-21 23:18:01', '0'),
(705, 276, 0, 'QR-005-L6', '2022-01-21 22:21:29', '2022-01-21 23:18:01', '0'),
(706, 276, 0, 'QR-003-L6', '2022-01-21 22:22:27', '2022-01-21 23:18:01', '0'),
(707, 276, 0, 'QR-004-L6', '2022-01-21 22:22:02', '2022-01-21 23:18:01', '0'),
(708, 276, 0, 'QR-002-L1', '2022-01-21 23:22:07', '2022-01-22 00:01:02', '0'),
(709, 276, 0, 'QR-001-L7', '2022-01-21 23:21:23', '2022-01-22 00:01:02', '0'),
(710, 276, 0, 'QR-006-L7', '2022-01-21 23:22:28', '2022-01-22 00:01:02', '0'),
(711, 276, 0, 'QR-007-L7', '2022-01-21 23:24:48', '2022-01-22 00:01:02', '0'),
(712, 276, 0, 'QR-010-L6', '2022-01-21 23:36:03', '2022-01-22 00:01:02', '0'),
(713, 276, 0, 'QR-013-L6', '2022-01-21 23:26:49', '2022-01-22 00:01:02', '0'),
(714, 276, 0, 'QR-020-L7', '2022-01-21 23:30:07', '2022-01-22 00:01:03', '0'),
(715, 276, 0, 'QR-023-L7', '2022-01-21 23:29:08', '2022-01-22 00:01:03', '0'),
(716, 276, 0, 'QR-019-L7', '2022-01-21 23:31:24', '2022-01-22 00:01:03', '0'),
(717, 276, 0, 'QR-021-L7', '2022-01-21 23:29:21', '2022-01-22 00:01:03', '0'),
(718, 276, 0, 'QR-018-L7', '2022-01-21 23:30:44', '2022-01-22 00:01:03', '0'),
(719, 276, 0, 'QR-015-L6', '2022-01-21 23:32:54', '2022-01-22 00:01:03', '0'),
(720, 276, 0, 'QR-024-L1', '2022-01-21 23:33:19', '2022-01-22 00:01:03', '0'),
(721, 276, 0, 'QR-017-L6', '2022-01-21 23:32:16', '2022-01-22 00:01:03', '0'),
(722, 276, 0, 'QR-012-L6', '2022-01-21 23:35:19', '2022-01-22 00:01:03', '0'),
(723, 276, 0, 'QR-009-L6', '2022-01-21 23:36:39', '2022-01-22 00:01:03', '0'),
(724, 276, 0, 'QR-005-L6', '2022-01-21 23:39:21', '2022-01-22 00:01:03', '0'),
(725, 276, 0, 'QR-004-L6', '2022-01-21 23:39:49', '2022-01-22 00:01:03', '0'),
(726, 276, 0, 'QR-003-L6', '2022-01-21 23:40:10', '2022-01-22 00:01:03', '0'),
(727, 278, 0, 'QR-018-L7', '2022-01-22 00:50:58', '2022-01-22 01:04:14', '0'),
(728, 278, 0, 'QR-019-L7', '2022-01-22 00:50:30', '2022-01-22 01:04:14', '0'),
(729, 278, 0, 'QR-016-L1', '2022-01-22 00:51:36', '2022-01-22 01:04:14', '0'),
(730, 278, 0, 'QR-015-L6', '2022-01-22 00:51:54', '2022-01-22 01:04:14', '0'),
(731, 278, 0, 'QR-024-L1', '2022-01-22 00:52:11', '2022-01-22 01:04:14', '0'),
(732, 278, 0, 'QR-021-L7', '2022-01-22 01:00:10', '2022-01-22 01:04:14', '0'),
(733, 278, 0, 'QR-009-L6', '2022-01-22 00:57:21', '2022-01-22 01:04:14', '0'),
(734, 278, 0, 'QR-014-L6', '2022-01-22 00:53:16', '2022-01-22 01:04:14', '0'),
(735, 278, 0, 'QR-011-L6', '2022-01-22 00:53:39', '2022-01-22 01:04:14', '0'),
(736, 278, 0, 'QR-010-L6', '2022-01-22 00:56:54', '2022-01-22 01:04:14', '0'),
(737, 278, 0, 'QR-022-L7', '2022-01-22 00:59:48', '2022-01-22 01:04:14', '0'),
(738, 278, 0, 'QR-007-L7', '2022-01-22 01:02:09', '2022-01-22 01:04:14', '0'),
(739, 278, 0, 'QR-020-L7', '2022-01-22 00:58:52', '2022-01-22 01:04:14', '0'),
(740, 278, 0, 'QR-013-L6', '2022-01-22 00:58:10', '2022-01-22 01:04:14', '0'),
(741, 278, 0, 'QR-006-L7', '2022-01-22 01:01:48', '2022-01-22 01:04:14', '0'),
(742, 278, 0, 'QR-003-L6', '2022-01-22 01:04:07', '2022-01-22 01:04:15', '0'),
(743, 278, 0, 'QR-008-L7', '2022-01-22 01:02:48', '2022-01-22 01:04:15', '0'),
(744, 278, 0, 'QR-005-L6', '2022-01-22 01:03:52', '2022-01-22 01:04:15', '0'),
(745, 278, 0, 'QR-004-L6', '2022-01-22 01:04:33', '2022-01-22 01:04:15', '0'),
(746, 278, 0, 'QR-002-L1', '2022-01-22 01:05:48', '2022-01-22 01:04:15', '0'),
(747, 278, 0, 'QR-001-L7', '2022-01-22 02:50:54', '2022-01-22 05:18:30', '0'),
(748, 278, 0, 'QR-019-L7', '2022-01-22 02:51:58', '2022-01-22 05:18:30', '0'),
(749, 278, 0, 'QR-004-L6', '2022-01-22 03:09:16', '2022-01-22 05:18:30', '0'),
(750, 278, 0, 'QR-018-L7', '2022-01-22 02:52:27', '2022-01-22 05:18:30', '0'),
(751, 278, 0, 'QR-016-L1', '2022-01-22 02:53:11', '2022-01-22 05:18:30', '0'),
(752, 278, 0, 'QR-015-L6', '2022-01-22 02:53:38', '2022-01-22 05:18:30', '0'),
(753, 278, 0, 'QR-024-L1', '2022-01-22 02:53:55', '2022-01-22 05:18:30', '0'),
(754, 278, 0, 'QR-011-L6', '2022-01-22 02:55:05', '2022-01-22 05:18:30', '0'),
(755, 278, 0, 'QR-014-L6', '2022-01-22 02:54:41', '2022-01-22 05:18:30', '0'),
(756, 278, 0, 'QR-010-L6', '2022-01-22 02:58:18', '2022-01-22 05:18:30', '0'),
(757, 278, 0, 'QR-009-L6', '2022-01-22 02:58:47', '2022-01-22 05:18:30', '0'),
(758, 278, 0, 'QR-013-L6', '2022-01-22 02:59:30', '2022-01-22 05:18:30', '0'),
(759, 278, 0, 'QR-020-L7', '2022-01-22 03:00:17', '2022-01-22 05:18:30', '0'),
(760, 278, 0, 'QR-021-L7', '2022-01-22 03:01:03', '2022-01-22 05:18:30', '0'),
(761, 278, 0, 'QR-006-L7', '2022-01-22 03:02:47', '2022-01-22 05:18:30', '0'),
(762, 278, 0, 'QR-007-L7', '2022-01-22 03:03:07', '2022-01-22 05:18:30', '0'),
(763, 278, 0, 'QR-008-L7', '2022-01-22 03:05:01', '2022-01-22 05:18:30', '0'),
(764, 278, 0, 'QR-005-L6', '2022-01-22 03:08:25', '2022-01-22 05:18:30', '0'),
(765, 278, 0, 'QR-002-L1', '2022-01-22 03:12:25', '2022-01-22 05:18:30', '0'),
(766, 278, 0, 'QR-003-L6', '2022-01-22 03:08:54', '2022-01-22 05:18:30', '0'),
(767, 278, 0, 'QR-015-L6', '2022-01-22 05:22:50', '2022-01-22 05:27:33', '0'),
(768, 278, 0, 'QR-019-L7', '2022-01-22 05:21:10', '2022-01-22 05:27:33', '0'),
(769, 278, 0, 'QR-024-L1', '2022-01-22 05:23:07', '2022-01-22 05:27:33', '0'),
(770, 278, 0, 'QR-018-L7', '2022-01-22 05:21:37', '2022-01-22 05:27:33', '0'),
(771, 278, 0, 'QR-016-L1', '2022-01-22 05:22:25', '2022-01-22 05:27:33', '0'),
(772, 278, 0, 'QR-014-L6', '2022-01-22 05:24:02', '2022-01-22 05:27:33', '0'),
(773, 278, 0, 'QR-009-L6', '2022-01-22 05:26:56', '2022-01-22 05:27:33', '0'),
(774, 278, 0, 'QR-013-L6', '2022-01-22 05:27:38', '2022-01-22 05:27:33', '0'),
(775, 278, 0, 'QR-011-L6', '2022-01-22 05:24:24', '2022-01-22 05:27:33', '0'),
(776, 278, 0, 'QR-020-L7', '2022-01-22 05:28:42', '2022-01-22 05:27:33', '0'),
(777, 278, 0, 'QR-021-L7', '2022-01-22 05:29:23', '2022-01-22 05:27:33', '0'),
(778, 278, 0, 'QR-006-L7', '2022-01-22 05:31:01', '2022-01-22 05:31:39', '0'),
(779, 278, 0, 'QR-008-L7', '2022-01-22 05:31:51', '2022-01-22 05:31:39', '0'),
(780, 278, 0, 'QR-005-L6', '2022-01-22 05:32:51', '2022-01-22 05:31:39', '0'),
(781, 278, 0, 'QR-003-L6', '2022-01-22 05:33:04', '2022-01-22 05:31:39', '0'),
(782, 278, 0, 'QR-007-L7', '2022-01-22 05:31:22', '2022-01-22 05:31:39', '0'),
(783, 278, 0, 'QR-004-L6', '2022-01-22 05:33:26', '2022-01-22 05:31:39', '0'),
(784, 278, 0, 'QR-002-L1', '2022-01-22 05:33:54', '2022-01-22 05:31:39', '0'),
(785, 279, 0, 'QR-011-L6', '2022-01-22 09:04:18', '2022-01-22 09:11:54', '0'),
(786, 279, 0, 'QR-014-L6', '2022-01-22 09:04:55', '2022-01-22 09:11:54', '0'),
(787, 279, 0, 'QR-012-L6', '2022-01-22 09:04:29', '2022-01-22 09:11:54', '0'),
(788, 279, 0, 'QR-024-L1', '2022-01-22 09:05:35', '2022-01-22 09:11:54', '0'),
(789, 279, 0, 'QR-015-L6', '2022-01-22 09:05:53', '2022-01-22 09:11:54', '0'),
(790, 279, 0, 'QR-016-L1', '2022-01-22 09:06:12', '2022-01-22 09:11:54', '0'),
(791, 279, 0, 'QR-017-L6', '2022-01-22 09:06:32', '2022-01-22 09:11:54', '0'),
(792, 279, 0, 'QR-019-L7', '2022-01-22 09:07:29', '2022-01-22 09:11:54', '0'),
(793, 279, 0, 'QR-018-L7', '2022-01-22 09:06:57', '2022-01-22 09:11:54', '0'),
(794, 279, 0, 'QR-020-L7', '2022-01-22 09:09:05', '2022-01-22 09:11:54', '0'),
(795, 279, 0, 'QR-001-L7', '2022-01-22 09:12:52', '2022-01-22 09:11:54', '0'),
(796, 279, 0, 'QR-006-L7', '2022-01-22 09:13:48', '2022-01-22 09:11:54', '0'),
(797, 279, 0, 'QR-002-L1', '2022-01-22 09:13:33', '2022-01-22 09:11:54', '0'),
(798, 279, 0, 'QR-005-L6', '2022-01-22 09:14:18', '2022-01-22 09:11:55', '0'),
(799, 279, 0, 'QR-019-L7', '2022-01-22 13:23:39', '2022-01-22 13:34:07', '0'),
(800, 279, 0, 'QR-008-L7', '2022-01-22 13:34:09', '2022-01-22 13:34:07', '0'),
(801, 279, 0, 'QR-001-L7', '2022-01-22 13:22:31', '2022-01-22 13:34:07', '0'),
(802, 279, 0, 'QR-018-L7', '2022-01-22 13:24:09', '2022-01-22 13:34:07', '0'),
(803, 279, 0, 'QR-020-L7', '2022-01-22 13:24:40', '2022-01-22 13:34:07', '0'),
(804, 279, 0, 'QR-024-L1', '2022-01-22 13:28:44', '2022-01-22 13:34:07', '0'),
(805, 279, 0, 'QR-017-L6', '2022-01-22 13:27:22', '2022-01-22 13:34:07', '0'),
(806, 279, 0, 'QR-016-L1', '2022-01-22 13:27:51', '2022-01-22 13:34:07', '0'),
(807, 279, 0, 'QR-015-L6', '2022-01-22 13:28:17', '2022-01-22 13:34:07', '0'),
(808, 279, 0, 'QR-014-L6', '2022-01-22 13:29:40', '2022-01-22 13:34:07', '0'),
(809, 279, 0, 'QR-011-L6', '2022-01-22 13:31:39', '2022-01-22 13:34:07', '0'),
(810, 279, 0, 'QR-007-L7', '2022-01-22 13:33:41', '2022-01-22 13:34:07', '0'),
(811, 279, 0, 'QR-006-L7', '2022-01-22 13:33:14', '2022-01-22 13:34:07', '0'),
(812, 279, 0, 'QR-012-L6', '2022-01-22 13:31:53', '2022-01-22 13:34:07', '0'),
(813, 279, 0, 'QR-005-L6', '2022-01-22 13:35:08', '2022-01-22 13:34:07', '0'),
(814, 279, 0, 'QR-004-L6', '2022-01-22 13:35:37', '2022-01-22 13:34:07', '0'),
(815, 279, 0, 'QR-003-L6', '2022-01-22 13:35:59', '2022-01-22 13:34:07', '0'),
(816, 279, 0, 'QR-002-L1', '2022-01-22 13:36:11', '2022-01-22 13:34:07', '0'),
(817, 279, 0, 'QR-001-L7', '2022-01-22 14:44:26', '2022-01-22 14:55:17', '0'),
(818, 279, 0, 'QR-019-L7', '2022-01-22 14:46:02', '2022-01-22 14:55:17', '0'),
(819, 279, 0, 'QR-018-L7', '2022-01-22 14:46:35', '2022-01-22 14:55:17', '0'),
(820, 279, 0, 'QR-017-L6', '2022-01-22 14:46:58', '2022-01-22 14:55:17', '0'),
(821, 279, 0, 'QR-015-L6', '2022-01-22 14:47:44', '2022-01-22 14:55:17', '0'),
(822, 279, 0, 'QR-016-L1', '2022-01-22 14:47:23', '2022-01-22 14:55:17', '0'),
(823, 279, 0, 'QR-024-L1', '2022-01-22 14:48:17', '2022-01-22 14:55:17', '0'),
(824, 279, 0, 'QR-014-L6', '2022-01-22 14:51:28', '2022-01-22 14:55:17', '0'),
(825, 279, 0, 'QR-011-L6', '2022-01-22 14:52:55', '2022-01-22 14:55:17', '0'),
(826, 279, 0, 'QR-006-L7', '2022-01-22 14:54:07', '2022-01-22 14:55:17', '0'),
(827, 279, 0, 'QR-012-L6', '2022-01-22 14:53:09', '2022-01-22 14:55:17', '0'),
(828, 279, 0, 'QR-008-L7', '2022-01-22 14:54:57', '2022-01-22 14:55:18', '0'),
(829, 279, 0, 'QR-007-L7', '2022-01-22 14:54:30', '2022-01-22 14:55:18', '0'),
(830, 279, 0, 'QR-004-L6', '2022-01-22 14:56:43', '2022-01-22 14:55:18', '0'),
(831, 279, 0, 'QR-003-L6', '2022-01-22 14:57:05', '2022-01-22 14:55:18', '0'),
(832, 279, 0, 'QR-005-L6', '2022-01-22 14:56:10', '2022-01-22 14:55:18', '0'),
(833, 279, 0, 'QR-002-L1', '2022-01-22 14:57:31', '2022-01-22 14:55:18', '0'),
(834, 276, 0, 'QR-002-L1', '2022-01-22 20:04:44', '2022-01-22 22:08:02', '0'),
(835, 276, 0, 'QR-001-L7', '2022-01-22 20:03:36', '2022-01-22 22:08:02', '0'),
(836, 276, 0, 'QR-006-L7', '2022-01-22 20:05:01', '2022-01-22 22:08:02', '0'),
(837, 276, 0, 'QR-013-L6', '2022-01-22 20:09:38', '2022-01-22 22:08:02', '0'),
(838, 276, 0, 'QR-008-L7', '2022-01-22 20:06:04', '2022-01-22 22:08:02', '0'),
(839, 276, 0, 'QR-007-L7', '2022-01-22 20:05:28', '2022-01-22 22:08:02', '0'),
(840, 276, 0, 'QR-023-L7', '2022-01-22 20:11:59', '2022-01-22 22:08:02', '0'),
(841, 276, 0, 'QR-021-L7', '2022-01-22 20:12:14', '2022-01-22 22:08:02', '0'),
(842, 276, 0, 'QR-020-L7', '2022-01-22 20:12:58', '2022-01-22 22:08:02', '0'),
(843, 276, 0, 'QR-018-L7', '2022-01-22 20:13:58', '2022-01-22 22:08:02', '0'),
(844, 276, 0, 'QR-019-L7', '2022-01-22 20:14:29', '2022-01-22 22:08:02', '0'),
(845, 276, 0, 'QR-017-L6', '2022-01-22 20:15:37', '2022-01-22 22:08:02', '0'),
(846, 276, 0, 'QR-015-L6', '2022-01-22 20:16:26', '2022-01-22 22:08:02', '0'),
(847, 276, 0, 'QR-024-L1', '2022-01-22 20:18:34', '2022-01-22 22:08:02', '0'),
(848, 276, 0, 'QR-012-L6', '2022-01-22 20:20:47', '2022-01-22 22:08:02', '0'),
(849, 276, 0, 'QR-009-L6', '2022-01-22 20:22:10', '2022-01-22 22:08:02', '0'),
(850, 276, 0, 'QR-010-L6', '2022-01-22 20:21:36', '2022-01-22 22:08:02', '0'),
(851, 276, 0, 'QR-004-L6', '2022-01-22 20:23:29', '2022-01-22 22:08:02', '0'),
(852, 276, 0, 'QR-005-L6', '2022-01-22 20:22:40', '2022-01-22 22:08:02', '0'),
(853, 276, 0, 'QR-003-L6', '2022-01-22 20:23:55', '2022-01-22 22:08:02', '0'),
(854, 276, 0, 'QR-001-L7', '2022-01-22 20:03:36', '2022-01-22 22:08:02', '0'),
(855, 276, 0, 'QR-002-L1', '2022-01-22 20:04:44', '2022-01-22 22:08:02', '0'),
(856, 276, 0, 'QR-007-L7', '2022-01-22 20:05:28', '2022-01-22 22:08:02', '0'),
(857, 276, 0, 'QR-006-L7', '2022-01-22 20:05:01', '2022-01-22 22:08:02', '0'),
(858, 276, 0, 'QR-008-L7', '2022-01-22 20:06:04', '2022-01-22 22:08:03', '0'),
(859, 276, 0, 'QR-013-L6', '2022-01-22 20:09:38', '2022-01-22 22:08:03', '0'),
(860, 276, 0, 'QR-023-L7', '2022-01-22 20:11:59', '2022-01-22 22:08:03', '0'),
(861, 276, 0, 'QR-020-L7', '2022-01-22 20:12:58', '2022-01-22 22:08:03', '0'),
(862, 276, 0, 'QR-021-L7', '2022-01-22 20:12:14', '2022-01-22 22:08:03', '0'),
(863, 276, 0, 'QR-018-L7', '2022-01-22 20:13:58', '2022-01-22 22:08:03', '0'),
(864, 276, 0, 'QR-017-L6', '2022-01-22 20:15:37', '2022-01-22 22:08:03', '0'),
(865, 276, 0, 'QR-019-L7', '2022-01-22 20:14:29', '2022-01-22 22:08:03', '0'),
(866, 276, 0, 'QR-015-L6', '2022-01-22 20:16:26', '2022-01-22 22:08:03', '0'),
(867, 276, 0, 'QR-012-L6', '2022-01-22 20:20:47', '2022-01-22 22:08:03', '0'),
(868, 276, 0, 'QR-024-L1', '2022-01-22 20:18:34', '2022-01-22 22:08:03', '0'),
(869, 276, 0, 'QR-010-L6', '2022-01-22 20:21:36', '2022-01-22 22:08:03', '0'),
(870, 276, 0, 'QR-009-L6', '2022-01-22 20:22:10', '2022-01-22 22:08:03', '0'),
(871, 276, 0, 'QR-005-L6', '2022-01-22 20:22:40', '2022-01-22 22:08:03', '0'),
(872, 276, 0, 'QR-004-L6', '2022-01-22 20:23:29', '2022-01-22 22:08:03', '0'),
(873, 276, 0, 'QR-003-L6', '2022-01-22 20:23:55', '2022-01-22 22:08:03', '0'),
(874, 276, 0, 'QR-010-L6', '2022-01-22 20:21:36', '2022-01-22 22:08:03', '0'),
(875, 276, 0, 'QR-005-L6', '2022-01-22 20:22:40', '2022-01-22 22:08:03', '0'),
(876, 276, 0, 'QR-004-L6', '2022-01-22 20:23:29', '2022-01-22 22:08:03', '0'),
(877, 276, 0, 'QR-003-L6', '2022-01-22 20:23:55', '2022-01-22 22:08:03', '0'),
(878, 276, 0, 'QR-002-L1', '2022-01-22 22:14:46', '2022-01-22 23:31:09', '0'),
(879, 276, 0, 'QR-006-L7', '2022-01-22 22:15:03', '2022-01-22 23:31:09', '0'),
(880, 276, 0, 'QR-001-L7', '2022-01-22 22:13:57', '2022-01-22 23:31:09', '0'),
(881, 276, 0, 'QR-007-L7', '2022-01-22 22:16:58', '2022-01-22 23:31:09', '0'),
(882, 276, 0, 'QR-008-L7', '2022-01-22 22:17:33', '2022-01-22 23:31:09', '0'),
(883, 276, 0, 'QR-023-L7', '2022-01-22 22:22:14', '2022-01-22 23:31:09', '0'),
(884, 276, 0, 'QR-013-L6', '2022-01-22 22:19:46', '2022-01-22 23:31:09', '0'),
(885, 276, 0, 'QR-021-L7', '2022-01-22 22:22:26', '2022-01-22 23:31:09', '0'),
(886, 276, 0, 'QR-020-L7', '2022-01-22 22:23:13', '2022-01-22 23:31:09', '0'),
(887, 276, 0, 'QR-018-L7', '2022-01-22 22:23:52', '2022-01-22 23:31:09', '0'),
(888, 276, 0, 'QR-019-L7', '2022-01-22 22:24:24', '2022-01-22 23:31:09', '0'),
(889, 276, 0, 'QR-017-L6', '2022-01-22 22:25:16', '2022-01-22 23:31:09', '0'),
(890, 276, 0, 'QR-015-L6', '2022-01-22 22:26:01', '2022-01-22 23:31:09', '0'),
(891, 276, 0, 'QR-012-L6', '2022-01-22 22:28:51', '2022-01-22 23:31:09', '0'),
(892, 276, 0, 'QR-010-L6', '2022-01-22 22:29:40', '2022-01-22 23:31:09', '0'),
(893, 276, 0, 'QR-009-L6', '2022-01-22 22:30:20', '2022-01-22 23:31:09', '0'),
(894, 276, 0, 'QR-005-L6', '2022-01-22 22:30:52', '2022-01-22 23:31:09', '0'),
(895, 276, 0, 'QR-024-L1', '2022-01-22 22:26:40', '2022-01-22 23:31:09', '0'),
(896, 276, 0, 'QR-004-L6', '2022-01-22 22:31:27', '2022-01-22 23:31:10', '0'),
(897, 276, 0, 'QR-003-L6', '2022-01-22 22:32:22', '2022-01-22 23:31:10', '0'),
(898, 274, 0, 'QR-005-L6', '2022-01-23 03:29:13', '2022-01-23 08:13:28', '0'),
(899, 274, 0, 'QR-001-L7', '2022-01-22 23:58:25', '2022-01-23 08:13:28', '0'),
(900, 274, 0, 'QR-002-L1', '2022-01-23 00:48:24', '2022-01-23 08:13:28', '0'),
(901, 274, 0, 'QR-007-L7', '2022-01-23 00:49:52', '2022-01-23 08:13:28', '0'),
(902, 274, 0, 'QR-006-L7', '2022-01-23 00:48:43', '2022-01-23 08:13:28', '0'),
(903, 274, 0, 'QR-008-L7', '2022-01-23 00:50:34', '2022-01-23 08:13:28', '0'),
(904, 274, 0, 'QR-021-L7', '2022-01-23 00:53:37', '2022-01-23 08:13:28', '0'),
(905, 274, 0, 'QR-009-L6', '2022-01-23 00:52:09', '2022-01-23 08:13:28', '0'),
(906, 274, 0, 'QR-013-L6', '2022-01-23 00:55:51', '2022-01-23 08:13:28', '0'),
(907, 274, 0, 'QR-023-L7', '2022-01-23 00:53:53', '2022-01-23 08:13:29', '0'),
(908, 274, 0, 'QR-011-L6', '2022-01-23 00:57:03', '2022-01-23 08:13:29', '0'),
(909, 274, 0, 'QR-012-L6', '2022-01-23 00:56:47', '2022-01-23 08:13:29', '0'),
(910, 274, 0, 'QR-024-L1', '2022-01-23 00:59:08', '2022-01-23 08:13:29', '0'),
(911, 274, 0, 'QR-015-L6', '2022-01-23 00:59:38', '2022-01-23 08:13:29', '0'),
(912, 274, 0, 'QR-018-L7', '2022-01-23 01:00:54', '2022-01-23 08:13:29', '0'),
(913, 274, 0, 'QR-017-L6', '2022-01-23 01:00:24', '2022-01-23 08:13:29', '0'),
(914, 274, 0, 'QR-019-L7', '2022-01-23 01:01:30', '2022-01-23 08:13:29', '0'),
(915, 274, 0, 'QR-004-L6', '2022-01-23 03:29:51', '2022-01-23 08:13:29', '0'),
(916, 274, 0, 'QR-003-L6', '2022-01-23 03:31:27', '2022-01-23 08:13:29', '0'),
(917, 274, 0, 'QR-010-L6', '2022-01-23 06:27:18', '2022-01-23 08:13:29', '0'),
(918, 279, 0, 'QR-017-L6', '2022-01-23 08:36:12', '2022-01-23 12:54:50', '0'),
(919, 279, 0, 'QR-001-L7', '2022-01-23 08:32:26', '2022-01-23 12:54:51', '0'),
(920, 279, 0, 'QR-019-L7', '2022-01-23 08:33:22', '2022-01-23 12:54:51', '0'),
(921, 279, 0, 'QR-018-L7', '2022-01-23 08:33:46', '2022-01-23 12:54:51', '0'),
(922, 279, 0, 'QR-020-L7', '2022-01-23 08:34:17', '2022-01-23 12:54:51', '0'),
(923, 279, 0, 'QR-016-L1', '2022-01-23 08:36:31', '2022-01-23 12:54:51', '0'),
(924, 279, 0, 'QR-015-L6', '2022-01-23 08:36:49', '2022-01-23 12:54:51', '0'),
(925, 279, 0, 'QR-024-L1', '2022-01-23 08:37:13', '2022-01-23 12:54:51', '0'),
(926, 279, 0, 'QR-014-L6', '2022-01-23 08:37:56', '2022-01-23 12:54:51', '0'),
(927, 279, 0, 'QR-011-L6', '2022-01-23 08:38:59', '2022-01-23 12:54:51', '0'),
(928, 279, 0, 'QR-012-L6', '2022-01-23 08:39:09', '2022-01-23 12:54:51', '0'),
(929, 279, 0, 'QR-007-L7', '2022-01-23 08:40:27', '2022-01-23 12:54:51', '0'),
(930, 279, 0, 'QR-008-L7', '2022-01-23 08:40:51', '2022-01-23 12:54:51', '0'),
(931, 279, 0, 'QR-006-L7', '2022-01-23 08:41:27', '2022-01-23 12:54:51', '0'),
(932, 279, 0, 'QR-005-L6', '2022-01-23 08:41:39', '2022-01-23 12:54:51', '0'),
(933, 279, 0, 'QR-004-L6', '2022-01-23 08:42:02', '2022-01-23 12:54:51', '0'),
(934, 279, 0, 'QR-003-L6', '2022-01-23 08:42:20', '2022-01-23 12:54:51', '0'),
(935, 279, 0, 'QR-002-L1', '2022-01-23 08:42:30', '2022-01-23 12:54:51', '0'),
(936, 279, 0, 'QR-011-L6', '2022-01-23 15:23:52', '2022-01-23 15:25:02', '0'),
(937, 279, 0, 'QR-001-L7', '2022-01-23 15:19:42', '2022-01-23 15:25:02', '0'),
(938, 279, 0, 'QR-019-L7', '2022-01-23 15:20:35', '2022-01-23 15:25:02', '0'),
(939, 279, 0, 'QR-018-L7', '2022-01-23 15:20:59', '2022-01-23 15:25:02', '0'),
(940, 279, 0, 'QR-016-L1', '2022-01-23 15:21:37', '2022-01-23 15:25:02', '0'),
(941, 279, 0, 'QR-017-L6', '2022-01-23 15:21:19', '2022-01-23 15:25:02', '0'),
(942, 279, 0, 'QR-015-L6', '2022-01-23 15:21:52', '2022-01-23 15:25:02', '0'),
(943, 279, 0, 'QR-014-L6', '2022-01-23 15:22:51', '2022-01-23 15:25:02', '0'),
(944, 279, 0, 'QR-024-L1', '2022-01-23 15:22:12', '2022-01-23 15:25:02', '0'),
(945, 279, 0, 'QR-012-L6', '2022-01-23 15:24:01', '2022-01-23 15:25:02', '0'),
(946, 279, 0, 'QR-007-L7', '2022-01-23 15:25:06', '2022-01-23 15:25:02', '0'),
(947, 279, 0, 'QR-008-L7', '2022-01-23 15:25:30', '2022-01-23 15:25:03', '0'),
(948, 279, 0, 'QR-003-L6', '2022-01-23 15:27:17', '2022-01-23 15:25:03', '0'),
(949, 279, 0, 'QR-005-L6', '2022-01-23 15:26:35', '2022-01-23 15:25:03', '0'),
(950, 279, 0, 'QR-002-L1', '2022-01-23 15:27:27', '2022-01-23 15:25:03', '0'),
(951, 279, 0, 'QR-004-L6', '2022-01-23 15:27:00', '2022-01-23 15:25:03', '0'),
(952, 276, 0, 'QR-001-L7', '2022-01-23 17:22:27', '2022-01-23 17:21:18', '0'),
(953, 276, 0, 'QR-002-L1', '2022-01-23 17:23:15', '2022-01-23 17:21:18', '0'),
(954, 276, 0, 'QR-007-L7', '2022-01-23 17:23:55', '2022-01-23 17:21:18', '0'),
(955, 276, 0, 'QR-008-L7', '2022-01-23 17:24:48', '2022-01-23 22:03:45', '0'),
(956, 276, 0, 'QR-013-L6', '2022-01-23 17:27:26', '2022-01-23 22:03:45', '0'),
(957, 276, 0, 'QR-006-L7', '2022-01-23 17:25:50', '2022-01-23 22:03:45', '0'),
(958, 276, 0, 'QR-023-L7', '2022-01-23 17:29:51', '2022-01-23 22:03:45', '0'),
(959, 276, 0, 'QR-021-L7', '2022-01-23 17:30:03', '2022-01-23 22:03:45', '0'),
(960, 276, 0, 'QR-020-L7', '2022-01-23 17:30:49', '2022-01-23 22:03:45', '0'),
(961, 276, 0, 'QR-018-L7', '2022-01-23 17:31:24', '2022-01-23 22:03:45', '0'),
(962, 276, 0, 'QR-019-L7', '2022-01-23 17:31:59', '2022-01-23 22:03:45', '0'),
(963, 276, 0, 'QR-017-L6', '2022-01-23 17:34:01', '2022-01-23 22:03:45', '0'),
(964, 276, 0, 'QR-015-L6', '2022-01-23 17:35:09', '2022-01-23 22:03:45', '0'),
(965, 276, 0, 'QR-024-L1', '2022-01-23 17:35:41', '2022-01-23 22:03:45', '0'),
(966, 276, 0, 'QR-012-L6', '2022-01-23 17:38:09', '2022-01-23 22:03:45', '0'),
(967, 276, 0, 'QR-009-L6', '2022-01-23 17:39:32', '2022-01-23 22:03:45', '0'),
(968, 276, 0, 'QR-005-L6', '2022-01-23 17:40:31', '2022-01-23 22:03:45', '0'),
(969, 276, 0, 'QR-010-L6', '2022-01-23 17:38:53', '2022-01-23 22:03:45', '0'),
(970, 276, 0, 'QR-004-L6', '2022-01-23 17:41:10', '2022-01-23 22:03:45', '0'),
(971, 276, 0, 'QR-003-L6', '2022-01-23 17:43:28', '2022-01-23 22:03:45', '0'),
(972, 276, 0, 'QR-001-L7', '2022-01-23 22:06:24', '2022-01-23 22:03:45', '0'),
(973, 276, 0, 'QR-002-L1', '2022-01-23 22:07:19', '2022-01-23 23:07:04', '0'),
(974, 276, 0, 'QR-007-L7', '2022-01-23 22:10:07', '2022-01-23 23:07:04', '0'),
(975, 276, 0, 'QR-006-L7', '2022-01-23 22:07:39', '2022-01-23 23:07:04', '0'),
(976, 276, 0, 'QR-008-L7', '2022-01-23 22:10:44', '2022-01-23 23:07:04', '0'),
(977, 276, 0, 'QR-023-L7', '2022-01-23 22:15:36', '2022-01-23 23:07:04', '0'),
(978, 276, 0, 'QR-013-L6', '2022-01-23 22:12:55', '2022-01-23 23:07:04', '0'),
(979, 276, 0, 'QR-021-L7', '2022-01-23 22:15:50', '2022-01-23 23:07:04', '0'),
(980, 276, 0, 'QR-020-L7', '2022-01-23 22:16:43', '2022-01-23 23:07:04', '0'),
(981, 276, 0, 'QR-019-L7', '2022-01-23 22:17:59', '2022-01-23 23:07:04', '0'),
(982, 276, 0, 'QR-015-L6', '2022-01-23 22:19:42', '2022-01-23 23:07:04', '0'),
(983, 276, 0, 'QR-012-L6', '2022-01-23 22:22:17', '2022-01-23 23:07:04', '0'),
(984, 276, 0, 'QR-024-L1', '2022-01-23 22:20:07', '2022-01-23 23:07:04', '0'),
(985, 276, 0, 'QR-017-L6', '2022-01-23 22:18:56', '2022-01-23 23:07:04', '0'),
(986, 276, 0, 'QR-018-L7', '2022-01-23 22:17:22', '2022-01-23 23:07:04', '0'),
(987, 276, 0, 'QR-009-L6', '2022-01-23 22:23:42', '2022-01-23 23:07:04', '0'),
(988, 276, 0, 'QR-010-L6', '2022-01-23 22:23:07', '2022-01-23 23:07:04', '0'),
(989, 276, 0, 'QR-005-L6', '2022-01-23 22:24:08', '2022-01-23 23:07:04', '0'),
(990, 276, 0, 'QR-004-L6', '2022-01-23 22:24:46', '2022-01-23 23:07:04', '0'),
(991, 276, 0, 'QR-003-L6', '2022-01-23 22:25:12', '2022-01-23 23:07:05', '0'),
(992, 276, 0, 'QR-001-L7', '2022-01-23 23:10:01', '2022-01-23 23:26:39', '0'),
(993, 276, 0, 'QR-002-L1', '2022-01-23 23:11:54', '2022-01-23 23:26:39', '0'),
(994, 276, 0, 'QR-006-L7', '2022-01-23 23:12:12', '2022-01-23 23:26:39', '0'),
(995, 276, 0, 'QR-007-L7', '2022-01-23 23:12:40', '2022-01-23 23:26:39', '0'),
(996, 276, 0, 'QR-013-L6', '2022-01-23 23:16:17', '2022-01-23 23:26:39', '0'),
(997, 276, 0, 'QR-008-L7', '2022-01-23 23:13:15', '2022-01-23 23:26:39', '0'),
(998, 276, 0, 'QR-023-L7', '2022-01-23 23:19:09', '2022-01-23 23:26:39', '0'),
(999, 276, 0, 'QR-020-L7', '2022-01-23 23:20:13', '2022-01-23 23:26:40', '0'),
(1000, 276, 0, 'QR-017-L6', '2022-01-23 23:22:18', '2022-01-23 23:26:40', '0'),
(1001, 276, 0, 'QR-018-L7', '2022-01-23 23:20:47', '2022-01-23 23:26:40', '0'),
(1002, 276, 0, 'QR-019-L7', '2022-01-23 23:21:21', '2022-01-23 23:26:40', '0'),
(1003, 276, 0, 'QR-021-L7', '2022-01-23 23:19:23', '2022-01-23 23:26:40', '0'),
(1004, 276, 0, 'QR-012-L6', '2022-01-23 23:26:08', '2022-01-23 23:26:40', '0'),
(1005, 276, 0, 'QR-024-L1', '2022-01-23 23:23:30', '2022-01-23 23:26:40', '0'),
(1006, 276, 0, 'QR-015-L6', '2022-01-23 23:22:58', '2022-01-23 23:26:40', '0'),
(1007, 276, 0, 'QR-010-L6', '2022-01-23 23:26:56', '2022-01-23 23:26:40', '0'),
(1008, 276, 0, 'QR-009-L6', '2022-01-23 23:27:30', '2022-01-23 23:26:40', '0'),
(1009, 276, 0, 'QR-005-L6', '2022-01-23 23:27:59', '2022-01-23 23:26:40', '0'),
(1010, 276, 0, 'QR-003-L6', '2022-01-23 23:29:02', '2022-01-23 23:26:40', '0'),
(1011, 276, 0, 'QR-004-L6', '2022-01-23 23:28:34', '2022-01-23 23:26:40', '0'),
(1012, 277, 0, 'QR-001-L7', '2022-01-24 01:06:07', '2022-01-24 05:20:31', '0'),
(1013, 277, 0, 'QR-019-L7', '2022-01-24 01:07:13', '2022-01-24 05:20:31', '0'),
(1014, 277, 0, 'QR-002-L1', '2022-01-24 01:09:33', '2022-01-24 05:20:31', '0'),
(1015, 277, 0, 'QR-018-L7', '2022-01-24 01:07:41', '2022-01-24 05:20:31', '0'),
(1016, 277, 0, 'QR-006-L7', '2022-01-24 01:11:30', '2022-01-24 05:20:31', '0'),
(1017, 277, 0, 'QR-007-L7', '2022-01-24 01:10:11', '2022-01-24 05:20:31', '0'),
(1018, 277, 0, 'QR-020-L7', '2022-01-24 01:12:16', '2022-01-24 05:20:32', '0'),
(1019, 277, 0, 'QR-008-L7', '2022-01-24 01:10:41', '2022-01-24 05:20:32', '0'),
(1020, 277, 0, 'QR-021-L7', '2022-01-24 01:12:59', '2022-01-24 05:20:32', '0'),
(1021, 277, 0, 'QR-013-L6', '2022-01-24 01:14:53', '2022-01-24 05:20:32', '0'),
(1022, 277, 0, 'QR-017-L6', '2022-01-24 01:15:50', '2022-01-24 05:20:32', '0'),
(1023, 277, 0, 'QR-024-L1', '2022-01-24 01:16:53', '2022-01-24 05:20:32', '0'),
(1024, 277, 0, 'QR-011-L6', '2022-01-24 01:18:37', '2022-01-24 05:20:32', '0'),
(1025, 277, 0, 'QR-016-L1', '2022-01-24 01:16:11', '2022-01-24 05:20:32', '0'),
(1026, 277, 0, 'QR-015-L6', '2022-01-24 01:16:31', '2022-01-24 05:20:32', '0'),
(1027, 277, 0, 'QR-012-L6', '2022-01-24 01:18:49', '2022-01-24 05:20:32', '0'),
(1028, 277, 0, 'QR-010-L6', '2022-01-24 01:19:27', '2022-01-24 05:20:32', '0'),
(1029, 277, 0, 'QR-009-L6', '2022-01-24 01:20:01', '2022-01-24 05:20:32', '0'),
(1030, 277, 0, 'QR-003-L6', '2022-01-24 01:20:56', '2022-01-24 05:20:32', '0'),
(1031, 277, 0, 'QR-004-L6', '2022-01-24 01:21:25', '2022-01-24 05:20:32', '0'),
(1032, 277, 0, 'QR-005-L6', '2022-01-24 01:20:39', '2022-01-24 05:20:32', '0'),
(1033, 277, 0, 'QR-019-L7', '2022-01-25 02:00:40', '2022-01-25 02:09:33', '0'),
(1034, 277, 0, 'QR-002-L1', '2022-01-25 02:02:45', '2022-01-25 02:09:33', '0'),
(1035, 277, 0, 'QR-001-L7', '2022-01-25 01:59:35', '2022-01-25 02:09:33', '0'),
(1036, 277, 0, 'QR-007-L7', '2022-01-25 02:03:21', '2022-01-25 02:09:33', '0'),
(1037, 277, 0, 'QR-018-L7', '2022-01-25 02:01:07', '2022-01-25 02:09:33', '0'),
(1038, 277, 0, 'QR-020-L7', '2022-01-25 02:05:40', '2022-01-25 02:09:33', '0'),
(1039, 277, 0, 'QR-006-L7', '2022-01-25 02:04:08', '2022-01-25 02:09:33', '0'),
(1040, 277, 0, 'QR-013-L6', '2022-01-25 02:06:12', '2022-01-25 02:09:33', '0'),
(1041, 277, 0, 'QR-017-L6', '2022-01-25 02:07:02', '2022-01-25 02:09:33', '0'),
(1042, 277, 0, 'QR-016-L1', '2022-01-25 02:07:21', '2022-01-25 02:09:33', '0'),
(1043, 277, 0, 'QR-015-L6', '2022-01-25 02:07:38', '2022-01-25 02:09:33', '0'),
(1044, 277, 0, 'QR-024-L1', '2022-01-25 02:07:56', '2022-01-25 02:09:33', '0'),
(1045, 277, 0, 'QR-012-L6', '2022-01-25 02:09:38', '2022-01-25 02:09:34', '0'),
(1046, 277, 0, 'QR-011-L6', '2022-01-25 02:09:25', '2022-01-25 02:09:34', '0'),
(1047, 277, 0, 'QR-010-L6', '2022-01-25 02:10:15', '2022-01-25 02:09:34', '0'),
(1048, 277, 0, 'QR-009-L6', '2022-01-25 02:10:42', '2022-01-25 02:09:34', '0'),
(1049, 277, 0, 'QR-005-L6', '2022-01-25 02:11:07', '2022-01-25 02:09:34', '0'),
(1050, 277, 0, 'QR-003-L6', '2022-01-25 02:11:21', '2022-01-25 02:09:34', '0'),
(1051, 277, 0, 'QR-004-L6', '2022-01-25 02:11:46', '2022-01-25 02:09:34', '0'),
(1052, 277, 0, 'QR-001-L7', '2022-01-25 05:03:22', '2022-01-25 05:13:48', '0'),
(1053, 277, 0, 'QR-002-L1', '2022-01-25 05:03:57', '2022-01-25 05:13:48', '0'),
(1054, 277, 0, 'QR-006-L7', '2022-01-25 05:04:14', '2022-01-25 05:13:48', '0'),
(1055, 277, 0, 'QR-013-L6', '2022-01-25 05:05:24', '2022-01-25 05:13:48', '0'),
(1056, 277, 0, 'QR-017-L6', '2022-01-25 05:06:19', '2022-01-25 05:13:48', '0'),
(1057, 277, 0, 'QR-020-L7', '2022-01-25 05:04:54', '2022-01-25 05:13:48', '0'),
(1058, 277, 0, 'QR-016-L1', '2022-01-25 05:07:07', '2022-01-25 05:13:49', '0'),
(1059, 277, 0, 'QR-011-L6', '2022-01-25 05:10:21', '2022-01-25 05:13:49', '0'),
(1060, 277, 0, 'QR-024-L1', '2022-01-25 05:07:44', '2022-01-25 05:13:49', '0'),
(1061, 277, 0, 'QR-012-L6', '2022-01-25 05:10:31', '2022-01-25 05:13:49', '0'),
(1062, 277, 0, 'QR-015-L6', '2022-01-25 05:07:25', '2022-01-25 05:13:49', '0'),
(1063, 277, 0, 'QR-010-L6', '2022-01-25 05:12:14', '2022-01-25 05:13:49', '0'),
(1064, 277, 0, 'QR-009-L6', '2022-01-25 05:13:09', '2022-01-25 05:13:49', '0'),
(1065, 277, 0, 'QR-003-L6', '2022-01-25 05:14:41', '2022-01-25 05:13:49', '0'),
(1066, 277, 0, 'QR-005-L6', '2022-01-25 05:14:25', '2022-01-25 05:13:49', '0'),
(1067, 277, 0, 'QR-004-L6', '2022-01-25 05:15:07', '2022-01-25 05:13:49', '0'),
(1068, 438, 0, 'QR-002-L1', '2022-01-25 08:39:24', '2022-01-25 08:46:42', '0'),
(1069, 438, 0, 'QR-003-L6', '2022-01-25 08:39:35', '2022-01-25 08:46:42', '0'),
(1070, 438, 0, 'QR-006-L7', '2022-01-25 08:40:31', '2022-01-25 08:46:42', '0'),
(1071, 438, 0, 'QR-005-L6', '2022-01-25 08:40:14', '2022-01-25 08:46:42', '0'),
(1072, 438, 0, 'QR-004-L6', '2022-01-25 08:39:52', '2022-01-25 08:46:42', '0'),
(1073, 438, 0, 'QR-020-L7', '2022-01-25 08:41:35', '2022-01-25 08:46:42', '0'),
(1074, 438, 0, 'QR-018-L7', '2022-01-25 08:41:58', '2022-01-25 08:46:42', '0'),
(1075, 438, 0, 'QR-013-L6', '2022-01-25 08:40:52', '2022-01-25 08:46:42', '0'),
(1076, 438, 0, 'QR-019-L7', '2022-01-25 08:42:19', '2022-01-25 08:46:43', '0'),
(1077, 438, 0, 'QR-017-L6', '2022-01-25 08:42:54', '2022-01-25 08:46:43', '0'),
(1078, 438, 0, 'QR-024-L1', '2022-01-25 08:43:42', '2022-01-25 08:46:43', '0'),
(1079, 438, 0, 'QR-016-L1', '2022-01-25 08:43:12', '2022-01-25 08:46:43', '0'),
(1080, 438, 0, 'QR-014-L6', '2022-01-25 08:44:19', '2022-01-25 08:46:43', '0'),
(1081, 438, 0, 'QR-012-L6', '2022-01-25 08:44:46', '2022-01-25 08:46:43', '0'),
(1082, 438, 0, 'QR-015-L6', '2022-01-25 08:43:28', '2022-01-25 08:46:43', '0');
INSERT INTO `list_patrol` (`id`, `id_user`, `patrol_ke`, `qr_code`, `tgl`, `create`, `update`) VALUES
(1083, 438, 0, 'QR-011-L6', '2022-01-25 08:44:57', '2022-01-25 08:46:43', '0'),
(1084, 278, 0, 'QR-019-L7', '2022-01-25 18:20:33', '2022-01-25 18:30:44', '0'),
(1085, 278, 0, 'QR-001-L7', '2022-01-25 18:19:31', '2022-01-25 18:30:44', '0'),
(1086, 278, 0, 'QR-018-L7', '2022-01-25 18:20:58', '2022-01-25 18:30:44', '0'),
(1087, 278, 0, 'QR-016-L1', '2022-01-25 18:21:56', '2022-01-25 18:30:44', '0'),
(1088, 278, 0, 'QR-015-L6', '2022-01-25 18:22:14', '2022-01-25 18:30:44', '0'),
(1089, 278, 0, 'QR-011-L6', '2022-01-25 18:24:01', '2022-01-25 18:30:45', '0'),
(1090, 278, 0, 'QR-024-L1', '2022-01-25 18:22:32', '2022-01-25 18:30:45', '0'),
(1091, 278, 0, 'QR-010-L6', '2022-01-25 18:25:21', '2022-01-25 18:30:45', '0'),
(1092, 278, 0, 'QR-014-L6', '2022-01-25 18:23:22', '2022-01-25 18:30:45', '0'),
(1093, 278, 0, 'QR-009-L6', '2022-01-25 18:25:47', '2022-01-25 18:30:45', '0'),
(1094, 278, 0, 'QR-021-L7', '2022-01-25 18:28:23', '2022-01-25 18:30:45', '0'),
(1095, 278, 0, 'QR-020-L7', '2022-01-25 18:26:50', '2022-01-25 18:30:45', '0'),
(1096, 278, 0, 'QR-022-L7', '2022-01-25 18:28:03', '2022-01-25 18:30:45', '0'),
(1097, 278, 0, 'QR-013-L6', '2022-01-25 18:26:22', '2022-01-25 18:30:45', '0'),
(1098, 278, 0, 'QR-006-L7', '2022-01-25 18:30:03', '2022-01-25 18:30:45', '0'),
(1099, 278, 0, 'QR-007-L7', '2022-01-25 18:30:32', '2022-01-25 18:30:45', '0'),
(1100, 278, 0, 'QR-008-L7', '2022-01-25 18:31:01', '2022-01-25 18:30:45', '0'),
(1101, 278, 0, 'QR-005-L6', '2022-01-25 18:31:59', '2022-01-25 18:30:45', '0'),
(1102, 278, 0, 'QR-003-L6', '2022-01-25 18:32:12', '2022-01-25 18:30:45', '0'),
(1103, 278, 0, 'QR-004-L6', '2022-01-25 18:32:31', '2022-01-25 18:30:45', '0'),
(1104, 278, 0, 'QR-002-L1', '2022-01-25 18:32:57', '2022-01-25 18:30:45', '0'),
(1105, 278, 0, 'QR-001-L7', '2022-01-25 20:27:44', '2022-01-25 20:46:12', '0'),
(1106, 278, 0, 'QR-002-L1', '2022-01-25 20:28:26', '2022-01-25 20:46:12', '0'),
(1107, 278, 0, 'QR-006-L7', '2022-01-25 20:29:39', '2022-01-25 20:46:13', '0'),
(1108, 278, 0, 'QR-009-L6', '2022-01-25 20:38:21', '2022-01-25 20:46:13', '0'),
(1109, 278, 0, 'QR-004-L6', '2022-01-25 20:28:58', '2022-01-25 20:46:13', '0'),
(1110, 278, 0, 'QR-005-L6', '2022-01-25 20:29:26', '2022-01-25 20:46:13', '0'),
(1111, 278, 0, 'QR-003-L6', '2022-01-25 20:28:36', '2022-01-25 20:46:13', '0'),
(1112, 278, 0, 'QR-008-L7', '2022-01-25 20:40:41', '2022-01-25 20:46:13', '0'),
(1113, 278, 0, 'QR-007-L7', '2022-01-25 20:40:12', '2022-01-25 20:46:13', '0'),
(1114, 278, 0, 'QR-010-L6', '2022-01-25 20:39:05', '2022-01-25 20:46:13', '0'),
(1115, 278, 0, 'QR-020-L7', '2022-01-25 20:42:14', '2022-01-25 20:46:13', '0'),
(1116, 278, 0, 'QR-021-L7', '2022-01-25 20:42:57', '2022-01-25 20:46:13', '0'),
(1117, 278, 0, 'QR-011-L6', '2022-01-25 20:44:52', '2022-01-25 20:46:13', '0'),
(1118, 278, 0, 'QR-014-L6', '2022-01-25 20:45:25', '2022-01-25 20:46:13', '0'),
(1119, 278, 0, 'QR-024-L1', '2022-01-25 20:46:06', '2022-01-25 20:46:13', '0'),
(1120, 278, 0, 'QR-015-L6', '2022-01-25 20:46:27', '2022-01-25 20:46:13', '0'),
(1121, 278, 0, 'QR-016-L1', '2022-01-25 20:46:44', '2022-01-25 20:46:13', '0'),
(1122, 278, 0, 'QR-018-L7', '2022-01-25 20:47:15', '2022-01-25 20:46:13', '0'),
(1123, 278, 0, 'QR-019-L7', '2022-01-25 20:47:42', '2022-01-25 20:46:13', '0'),
(1124, 278, 0, 'QR-019-L7', '2022-01-26 00:00:05', '2022-01-26 00:07:51', '0'),
(1125, 278, 0, 'QR-001-L7', '2022-01-25 23:59:07', '2022-01-26 00:07:51', '0'),
(1126, 278, 0, 'QR-016-L1', '2022-01-26 00:01:02', '2022-01-26 00:07:51', '0'),
(1127, 278, 0, 'QR-018-L7', '2022-01-26 00:00:30', '2022-01-26 00:07:51', '0'),
(1128, 278, 0, 'QR-014-L6', '2022-01-26 00:02:21', '2022-01-26 00:07:51', '0'),
(1129, 278, 0, 'QR-015-L6', '2022-01-26 00:01:21', '2022-01-26 00:07:51', '0'),
(1130, 278, 0, 'QR-024-L1', '2022-01-26 00:01:38', '2022-01-26 00:07:51', '0'),
(1131, 278, 0, 'QR-010-L6', '2022-01-26 00:03:22', '2022-01-26 00:07:51', '0'),
(1132, 278, 0, 'QR-009-L6', '2022-01-26 00:03:48', '2022-01-26 00:07:51', '0'),
(1133, 278, 0, 'QR-020-L7', '2022-01-26 00:04:57', '2022-01-26 00:07:51', '0'),
(1134, 278, 0, 'QR-013-L6', '2022-01-26 00:04:31', '2022-01-26 00:07:51', '0'),
(1135, 278, 0, 'QR-011-L6', '2022-01-26 00:02:46', '2022-01-26 00:07:51', '0'),
(1136, 278, 0, 'QR-021-L7', '2022-01-26 00:05:37', '2022-01-26 00:07:51', '0'),
(1137, 278, 0, 'QR-006-L7', '2022-01-26 00:07:21', '2022-01-26 00:07:51', '0'),
(1138, 278, 0, 'QR-008-L7', '2022-01-26 00:08:11', '2022-01-26 00:07:51', '0'),
(1139, 278, 0, 'QR-005-L6', '2022-01-26 00:09:10', '2022-01-26 00:07:51', '0'),
(1140, 278, 0, 'QR-007-L7', '2022-01-26 00:07:42', '2022-01-26 00:07:51', '0'),
(1141, 278, 0, 'QR-003-L6', '2022-01-26 00:09:24', '2022-01-26 00:07:51', '0'),
(1142, 278, 0, 'QR-004-L6', '2022-01-26 00:09:44', '2022-01-26 00:07:51', '0'),
(1143, 278, 0, 'QR-002-L1', '2022-01-26 00:10:13', '2022-01-26 00:07:51', '0'),
(1144, 277, 0, 'QR-015-L6', '2022-01-26 05:08:25', '2022-01-26 05:19:11', '0'),
(1145, 277, 0, 'QR-024-L1', '2022-01-26 05:08:48', '2022-01-26 05:19:11', '0'),
(1146, 277, 0, 'QR-011-L6', '2022-01-26 05:11:59', '2022-01-26 05:19:11', '0'),
(1147, 277, 0, 'QR-012-L6', '2022-01-26 05:12:11', '2022-01-26 05:19:11', '0'),
(1148, 277, 0, 'QR-013-L6', '2022-01-26 05:15:53', '2022-01-26 05:19:11', '0'),
(1149, 277, 0, 'QR-010-L6', '2022-01-26 05:14:16', '2022-01-26 05:19:11', '0'),
(1150, 277, 0, 'QR-009-L6', '2022-01-26 05:15:11', '2022-01-26 05:19:11', '0'),
(1151, 277, 0, 'QR-005-L6', '2022-01-26 05:16:37', '2022-01-26 05:19:11', '0'),
(1152, 277, 0, 'QR-004-L6', '2022-01-26 05:17:15', '2022-01-26 05:19:12', '0'),
(1153, 277, 0, 'QR-003-L6', '2022-01-26 05:16:55', '2022-01-26 05:19:12', '0'),
(1154, 277, 0, 'QR-002-L1', '2022-01-26 05:17:53', '2022-01-26 05:19:12', '0'),
(1155, 277, 0, 'QR-006-L7', '2022-01-26 05:18:12', '2022-01-26 05:19:12', '0'),
(1156, 277, 0, 'QR-007-L7', '2022-01-26 05:19:17', '2022-01-26 05:19:12', '0'),
(1157, 277, 0, 'QR-008-L7', '2022-01-26 05:19:52', '2022-01-26 05:19:12', '0'),
(1158, 277, 0, 'QR-015-L6', '2022-01-26 05:08:25', '2022-01-26 05:19:12', '0'),
(1159, 277, 0, 'QR-024-L1', '2022-01-26 05:08:48', '2022-01-26 05:19:12', '0'),
(1160, 277, 0, 'QR-011-L6', '2022-01-26 05:11:59', '2022-01-26 05:19:12', '0'),
(1161, 277, 0, 'QR-012-L6', '2022-01-26 05:12:11', '2022-01-26 05:19:12', '0'),
(1162, 277, 0, 'QR-010-L6', '2022-01-26 05:14:16', '2022-01-26 05:19:12', '0'),
(1163, 277, 0, 'QR-009-L6', '2022-01-26 05:15:11', '2022-01-26 05:19:12', '0'),
(1164, 277, 0, 'QR-013-L6', '2022-01-26 05:15:53', '2022-01-26 05:19:12', '0'),
(1165, 277, 0, 'QR-005-L6', '2022-01-26 05:16:37', '2022-01-26 05:19:12', '0'),
(1166, 277, 0, 'QR-003-L6', '2022-01-26 05:16:55', '2022-01-26 05:19:12', '0'),
(1167, 277, 0, 'QR-002-L1', '2022-01-26 05:17:53', '2022-01-26 05:19:13', '0'),
(1168, 277, 0, 'QR-004-L6', '2022-01-26 05:17:15', '2022-01-26 05:19:13', '0'),
(1169, 277, 0, 'QR-006-L7', '2022-01-26 05:18:12', '2022-01-26 05:19:14', '0'),
(1170, 277, 0, 'QR-007-L7', '2022-01-26 05:19:17', '2022-01-26 05:19:14', '0'),
(1171, 277, 0, 'QR-008-L7', '2022-01-26 05:19:52', '2022-01-26 05:19:14', '0'),
(1172, 438, 0, 'QR-004-L6', '2022-01-26 08:55:19', '2022-01-26 08:55:37', '0'),
(1173, 438, 0, 'QR-003-L6', '2022-01-26 08:55:03', '2022-01-26 08:55:37', '0'),
(1174, 438, 0, 'QR-012-L6', '2022-01-26 08:56:38', '2022-01-26 08:55:37', '0'),
(1175, 438, 0, 'QR-011-L6', '2022-01-26 08:56:25', '2022-01-26 08:55:37', '0'),
(1176, 438, 0, 'QR-002-L1', '2022-01-26 08:54:53', '2022-01-26 08:55:37', '0'),
(1177, 438, 0, 'QR-013-L6', '2022-01-26 08:57:03', '2022-01-26 08:55:37', '0'),
(1178, 438, 0, 'QR-005-L6', '2022-01-26 08:57:22', '2022-01-26 08:55:37', '0'),
(1179, 438, 0, 'QR-001-L7', '2022-01-26 08:58:02', '2022-01-26 08:55:37', '0'),
(1180, 438, 0, 'QR-006-L7', '2022-01-26 17:42:44', '2022-01-26 20:08:10', '0'),
(1181, 438, 0, 'QR-003-L6', '2022-01-26 17:39:09', '2022-01-26 20:08:10', '0'),
(1182, 438, 0, 'QR-004-L6', '2022-01-26 17:42:06', '2022-01-26 20:08:10', '0'),
(1183, 438, 0, 'QR-002-L1', '2022-01-26 17:38:58', '2022-01-26 20:08:11', '0'),
(1184, 438, 0, 'QR-005-L6', '2022-01-26 17:42:32', '2022-01-26 20:08:11', '0'),
(1185, 438, 0, 'QR-017-L6', '2022-01-26 17:44:19', '2022-01-26 20:08:11', '0'),
(1186, 438, 0, 'QR-013-L6', '2022-01-26 17:43:49', '2022-01-26 20:08:11', '0'),
(1187, 438, 0, 'QR-020-L7', '2022-01-26 17:43:21', '2022-01-26 20:08:11', '0'),
(1188, 438, 0, 'QR-015-L6', '2022-01-26 17:44:59', '2022-01-26 20:08:11', '0'),
(1189, 438, 0, 'QR-016-L1', '2022-01-26 17:44:41', '2022-01-26 20:08:11', '0'),
(1190, 438, 0, 'QR-011-L6', '2022-01-26 17:46:56', '2022-01-26 20:08:11', '0'),
(1191, 438, 0, 'QR-012-L6', '2022-01-26 17:47:09', '2022-01-26 20:08:11', '0'),
(1192, 438, 0, 'QR-009-L6', '2022-01-26 17:47:59', '2022-01-26 20:08:11', '0'),
(1193, 278, 0, 'QR-001-L7', '2022-01-27 22:06:16', '2022-01-27 22:20:22', '0'),
(1194, 278, 0, 'QR-018-L7', '2022-01-27 22:08:31', '2022-01-27 22:20:22', '0'),
(1195, 278, 0, 'QR-019-L7', '2022-01-27 22:07:57', '2022-01-27 22:20:22', '0'),
(1196, 278, 0, 'QR-015-L6', '2022-01-27 22:09:28', '2022-01-27 22:20:22', '0'),
(1197, 278, 0, 'QR-016-L1', '2022-01-27 22:09:10', '2022-01-27 22:20:22', '0'),
(1198, 278, 0, 'QR-010-L6', '2022-01-27 22:12:08', '2022-01-27 22:20:22', '0'),
(1199, 278, 0, 'QR-009-L6', '2022-01-27 22:12:54', '2022-01-27 22:20:22', '0'),
(1200, 278, 0, 'QR-011-L6', '2022-01-27 22:11:05', '2022-01-27 22:20:22', '0'),
(1201, 278, 0, 'QR-024-L1', '2022-01-27 22:09:53', '2022-01-27 22:20:22', '0'),
(1202, 278, 0, 'QR-020-L7', '2022-01-27 22:13:57', '2022-01-27 22:20:22', '0'),
(1203, 278, 0, 'QR-021-L7', '2022-01-27 22:14:49', '2022-01-27 22:20:22', '0'),
(1204, 278, 0, 'QR-013-L6', '2022-01-27 22:13:26', '2022-01-27 22:20:22', '0'),
(1205, 278, 0, 'QR-006-L7', '2022-01-27 22:16:31', '2022-01-27 22:20:23', '0'),
(1206, 278, 0, 'QR-007-L7', '2022-01-27 22:18:05', '2022-01-27 22:20:23', '0'),
(1207, 278, 0, 'QR-008-L7', '2022-01-27 22:18:37', '2022-01-27 22:20:23', '0'),
(1208, 278, 0, 'QR-005-L6', '2022-01-27 22:19:40', '2022-01-27 22:20:23', '0'),
(1209, 278, 0, 'QR-003-L6', '2022-01-27 22:19:54', '2022-01-27 22:20:23', '0'),
(1210, 278, 0, 'QR-004-L6', '2022-01-27 22:20:18', '2022-01-27 22:20:23', '0'),
(1211, 278, 0, 'QR-002-L1', '2022-01-27 22:21:41', '2022-01-27 22:20:23', '0'),
(1212, 278, 0, 'QR-019-L7', '2022-01-28 00:15:24', '2022-01-28 00:28:14', '0'),
(1213, 278, 0, 'QR-001-L7', '2022-01-28 00:12:19', '2022-01-28 00:28:14', '0'),
(1214, 278, 0, 'QR-015-L6', '2022-01-28 00:16:49', '2022-01-28 00:28:14', '0'),
(1215, 278, 0, 'QR-018-L7', '2022-01-28 00:15:52', '2022-01-28 00:28:14', '0'),
(1216, 278, 0, 'QR-014-L6', '2022-01-28 00:18:06', '2022-01-28 00:28:14', '0'),
(1217, 278, 0, 'QR-016-L1', '2022-01-28 00:16:29', '2022-01-28 00:28:14', '0'),
(1218, 278, 0, 'QR-024-L1', '2022-01-28 00:17:20', '2022-01-28 00:28:14', '0'),
(1219, 278, 0, 'QR-010-L6', '2022-01-28 00:20:03', '2022-01-28 00:28:14', '0'),
(1220, 278, 0, 'QR-011-L6', '2022-01-28 00:18:34', '2022-01-28 00:28:14', '0'),
(1221, 278, 0, 'QR-009-L6', '2022-01-28 00:20:52', '2022-01-28 00:28:14', '0'),
(1222, 278, 0, 'QR-013-L6', '2022-01-28 00:21:30', '2022-01-28 00:28:14', '0'),
(1223, 278, 0, 'QR-020-L7', '2022-01-28 00:22:00', '2022-01-28 00:28:14', '0'),
(1224, 278, 0, 'QR-022-L7', '2022-01-28 00:22:44', '2022-01-28 00:28:15', '0'),
(1225, 278, 0, 'QR-021-L7', '2022-01-28 00:23:06', '2022-01-28 00:28:15', '0'),
(1226, 278, 0, 'QR-003-L6', '2022-01-28 00:27:55', '2022-01-28 00:28:15', '0'),
(1227, 278, 0, 'QR-006-L7', '2022-01-28 00:24:52', '2022-01-28 00:28:15', '0'),
(1228, 278, 0, 'QR-007-L7', '2022-01-28 00:26:12', '2022-01-28 00:28:15', '0'),
(1229, 278, 0, 'QR-008-L7', '2022-01-28 00:26:43', '2022-01-28 00:28:15', '0'),
(1230, 278, 0, 'QR-005-L6', '2022-01-28 00:27:41', '2022-01-28 00:28:15', '0'),
(1231, 278, 0, 'QR-004-L6', '2022-01-28 00:28:17', '2022-01-28 00:28:15', '0'),
(1232, 278, 0, 'QR-002-L1', '2022-01-28 00:30:45', '2022-01-28 00:28:15', '0'),
(1233, 278, 0, 'QR-001-L7', '2022-01-28 02:31:00', '2022-01-28 05:15:20', '0'),
(1234, 278, 0, 'QR-019-L7', '2022-01-28 02:32:12', '2022-01-28 05:15:20', '0'),
(1235, 278, 0, 'QR-018-L7', '2022-01-28 02:32:43', '2022-01-28 05:15:20', '0'),
(1236, 278, 0, 'QR-016-L1', '2022-01-28 02:33:19', '2022-01-28 05:15:20', '0'),
(1237, 278, 0, 'QR-024-L1', '2022-01-28 02:34:10', '2022-01-28 05:15:20', '0'),
(1238, 278, 0, 'QR-014-L6', '2022-01-28 02:35:05', '2022-01-28 05:15:20', '0'),
(1239, 278, 0, 'QR-015-L6', '2022-01-28 02:33:39', '2022-01-28 05:15:20', '0'),
(1240, 278, 0, 'QR-011-L6', '2022-01-28 02:35:33', '2022-01-28 05:15:20', '0'),
(1241, 278, 0, 'QR-010-L6', '2022-01-28 02:36:21', '2022-01-28 05:15:20', '0'),
(1242, 278, 0, 'QR-009-L6', '2022-01-28 02:37:03', '2022-01-28 05:15:20', '0'),
(1243, 278, 0, 'QR-013-L6', '2022-01-28 02:37:40', '2022-01-28 05:15:20', '0'),
(1244, 278, 0, 'QR-020-L7', '2022-01-28 02:38:08', '2022-01-28 05:15:20', '0'),
(1245, 278, 0, 'QR-006-L7', '2022-01-28 02:38:48', '2022-01-28 05:15:20', '0'),
(1246, 278, 0, 'QR-005-L6', '2022-01-28 02:39:03', '2022-01-28 05:15:20', '0'),
(1247, 278, 0, 'QR-003-L6', '2022-01-28 02:39:22', '2022-01-28 05:15:20', '0'),
(1248, 278, 0, 'QR-004-L6', '2022-01-28 02:39:48', '2022-01-28 05:15:20', '0'),
(1249, 278, 0, 'QR-007-L7', '2022-01-28 02:41:54', '2022-01-28 05:15:20', '0'),
(1250, 278, 0, 'QR-002-L1', '2022-01-28 02:41:22', '2022-01-28 05:15:20', '0'),
(1251, 278, 0, 'QR-008-L7', '2022-01-28 02:42:28', '2022-01-28 05:15:20', '0'),
(1252, 278, 0, 'QR-012-L6', '2022-01-28 04:56:59', '2022-01-28 05:15:21', '0'),
(1253, 278, 0, 'QR-008-L7', '2022-01-28 05:18:22', '2022-01-28 05:19:51', '0'),
(1254, 278, 0, 'QR-007-L7', '2022-01-28 05:18:53', '2022-01-28 05:19:51', '0'),
(1255, 278, 0, 'QR-005-L6', '2022-01-28 05:19:28', '2022-01-28 05:19:51', '0'),
(1256, 278, 0, 'QR-004-L6', '2022-01-28 05:20:13', '2022-01-28 05:19:51', '0'),
(1257, 278, 0, 'QR-003-L6', '2022-01-28 05:19:50', '2022-01-28 05:19:51', '0'),
(1258, 278, 0, 'QR-002-L1', '2022-01-28 05:21:39', '2022-01-28 05:19:51', '0'),
(1259, 438, 0, 'QR-001-L7', '2022-01-28 09:25:40', '2022-01-28 09:23:06', '0'),
(1260, 276, 0, 'QR-003-L6', '2022-01-28 09:26:29', '2022-01-29 15:04:12', '0'),
(1261, 276, 0, 'QR-002-L1', '2022-01-28 09:26:17', '2022-01-29 15:04:12', '0'),
(1262, 276, 0, 'QR-004-L6', '2022-01-28 09:26:47', '2022-01-29 15:04:12', '0'),
(1263, 276, 0, 'QR-011-L6', '2022-01-28 09:27:47', '2022-01-29 15:04:12', '0'),
(1264, 276, 0, 'QR-012-L6', '2022-01-28 09:27:59', '2022-01-29 15:04:12', '0'),
(1265, 276, 0, 'QR-013-L6', '2022-01-28 09:28:28', '2022-01-29 15:04:13', '0'),
(1266, 276, 0, 'QR-006-L7', '2022-01-28 09:28:53', '2022-01-29 15:04:13', '0'),
(1267, 276, 0, 'QR-007-L7', '2022-01-29 09:18:54', '2022-01-29 15:04:13', '0'),
(1268, 276, 0, 'QR-001-L7', '2022-01-29 08:59:18', '2022-01-29 15:04:13', '0'),
(1269, 276, 0, 'QR-024-L1', '2022-01-29 09:05:33', '2022-01-29 15:04:13', '0'),
(1270, 276, 0, 'QR-015-L6', '2022-01-29 09:05:55', '2022-01-29 15:04:14', '0'),
(1271, 276, 0, 'QR-009-L6', '2022-01-29 09:13:47', '2022-01-29 15:04:14', '0'),
(1272, 276, 0, 'QR-017-L6', '2022-01-29 09:06:36', '2022-01-29 15:04:14', '0'),
(1273, 276, 0, 'QR-010-L6', '2022-01-29 09:13:20', '2022-01-29 15:04:14', '0'),
(1274, 276, 0, 'QR-020-L7', '2022-01-29 09:14:26', '2022-01-29 15:04:14', '0'),
(1275, 276, 0, 'QR-018-L7', '2022-01-29 09:15:00', '2022-01-29 15:04:14', '0'),
(1276, 276, 0, 'QR-019-L7', '2022-01-29 09:15:26', '2022-01-29 15:04:14', '0'),
(1277, 276, 0, 'QR-023-L7', '2022-01-29 09:17:26', '2022-01-29 15:04:14', '0'),
(1278, 276, 0, 'QR-021-L7', '2022-01-29 09:17:36', '2022-01-29 15:04:14', '0'),
(1279, 276, 0, 'QR-005-L6', '2022-01-29 09:21:49', '2022-01-29 15:04:14', '0'),
(1280, 276, 0, 'QR-008-L7', '2022-01-29 09:19:21', '2022-01-29 15:04:14', '0'),
(1281, 276, 0, 'QR-008-L7', '2022-01-29 15:08:37', '2022-01-29 15:09:12', '0'),
(1282, 276, 0, 'QR-007-L7', '2022-01-29 15:09:11', '2022-01-29 15:09:12', '0'),
(1283, 276, 0, 'QR-006-L7', '2022-01-29 15:09:34', '2022-01-29 15:09:12', '0'),
(1284, 276, 0, 'QR-013-L6', '2022-01-29 15:10:05', '2022-01-29 15:09:12', '0'),
(1285, 276, 0, 'QR-008-L7', '2022-01-29 15:08:37', '2022-01-29 15:09:13', '0'),
(1286, 276, 0, 'QR-006-L7', '2022-01-29 15:09:34', '2022-01-29 15:09:13', '0'),
(1287, 276, 0, 'QR-007-L7', '2022-01-29 15:09:11', '2022-01-29 15:09:13', '0'),
(1288, 276, 0, 'QR-013-L6', '2022-01-29 15:10:05', '2022-01-29 15:09:13', '0'),
(1289, 274, 0, 'QR-023-L7', '2022-01-29 15:12:35', '2022-01-30 19:33:35', '0'),
(1290, 274, 0, 'QR-021-L7', '2022-01-29 15:12:46', '2022-01-30 19:33:35', '0'),
(1291, 274, 0, 'QR-018-L7', '2022-01-29 15:14:07', '2022-01-30 19:33:35', '0'),
(1292, 274, 0, 'QR-019-L7', '2022-01-29 15:14:38', '2022-01-30 19:33:35', '0'),
(1293, 274, 0, 'QR-020-L7', '2022-01-29 15:13:33', '2022-01-30 19:33:35', '0'),
(1294, 274, 0, 'QR-017-L6', '2022-01-29 15:16:01', '2022-01-30 19:33:35', '0'),
(1295, 274, 0, 'QR-015-L6', '2022-01-29 15:16:39', '2022-01-30 19:33:35', '0'),
(1296, 274, 0, 'QR-024-L1', '2022-01-29 15:17:11', '2022-01-30 19:33:35', '0'),
(1297, 274, 0, 'QR-012-L6', '2022-01-29 15:25:26', '2022-01-30 19:33:36', '0'),
(1298, 274, 0, 'QR-010-L6', '2022-01-29 15:26:57', '2022-01-30 19:33:36', '0'),
(1299, 274, 0, 'QR-005-L6', '2022-01-29 15:29:56', '2022-01-30 19:33:36', '0'),
(1300, 274, 0, 'QR-009-L6', '2022-01-29 15:27:35', '2022-01-30 19:33:36', '0'),
(1301, 274, 0, 'QR-003-L6', '2022-01-29 15:31:23', '2022-01-30 19:33:36', '0'),
(1302, 274, 0, 'QR-004-L6', '2022-01-29 15:30:28', '2022-01-30 19:33:36', '0'),
(1303, 274, 0, 'QR-001-L7', '2022-01-29 17:08:51', '2022-01-30 19:33:36', '0'),
(1304, 274, 0, 'QR-006-L7', '2022-01-29 17:09:57', '2022-01-30 19:33:36', '0'),
(1305, 274, 0, 'QR-002-L1', '2022-01-29 17:09:38', '2022-01-30 19:33:36', '0'),
(1306, 274, 0, 'QR-008-L7', '2022-01-29 17:13:08', '2022-01-30 19:33:36', '0'),
(1307, 274, 0, 'QR-007-L7', '2022-01-29 17:12:32', '2022-01-30 19:33:36', '0'),
(1308, 274, 0, 'QR-013-L6', '2022-01-29 17:14:50', '2022-01-30 19:33:36', '0'),
(1309, 274, 0, 'QR-011-L6', '2022-01-30 09:50:57', '2022-01-30 19:33:36', '0'),
(1310, 274, 0, 'QR-014-L6', '2022-01-30 19:29:54', '2022-01-30 19:33:36', '0'),
(1311, 279, 0, 'QR-006-L7', '2022-01-30 21:30:21', '2022-01-30 21:32:30', '0'),
(1312, 279, 0, 'QR-002-L1', '2022-01-30 21:30:04', '2022-01-30 21:32:30', '0'),
(1313, 279, 0, 'QR-001-L7', '2022-01-30 21:27:09', '2022-01-30 21:32:30', '0'),
(1314, 279, 0, 'QR-019-L7', '2022-01-30 21:28:12', '2022-01-30 21:32:30', '0'),
(1315, 279, 0, 'QR-005-L6', '2022-01-30 21:30:35', '2022-01-30 21:32:30', '0'),
(1316, 279, 0, 'QR-003-L6', '2022-01-30 21:30:50', '2022-01-30 21:32:31', '0'),
(1317, 279, 0, 'QR-017-L6', '2022-01-30 21:32:51', '2022-01-30 21:32:31', '0'),
(1318, 279, 0, 'QR-004-L6', '2022-01-30 21:31:13', '2022-01-30 21:32:31', '0'),
(1319, 279, 0, 'QR-015-L6', '2022-01-30 21:34:04', '2022-01-30 21:32:31', '0'),
(1320, 279, 0, 'QR-018-L7', '2022-01-30 21:32:43', '2022-01-30 21:32:31', '0'),
(1321, 279, 0, 'QR-024-L1', '2022-01-30 21:34:17', '2022-01-30 21:32:31', '0'),
(1322, 279, 0, 'QR-007-L7', '2022-01-30 21:34:48', '2022-01-30 21:32:31', '0'),
(1323, 279, 0, 'QR-011-L6', '2022-01-30 21:34:27', '2022-01-30 21:32:31', '0'),
(1324, 279, 0, 'QR-012-L6', '2022-01-30 21:34:37', '2022-01-30 21:32:31', '0'),
(1325, 279, 0, 'QR-008-L7', '2022-01-30 21:34:55', '2022-01-30 21:32:31', '0'),
(1326, 279, 0, 'QR-005-L6', '2022-01-31 02:24:32', '2022-01-31 02:28:06', '0'),
(1327, 279, 0, 'QR-006-L7', '2022-01-31 02:24:16', '2022-01-31 02:28:06', '0'),
(1328, 279, 0, 'QR-002-L1', '2022-01-31 02:23:58', '2022-01-31 02:28:06', '0'),
(1329, 279, 0, 'QR-004-L6', '2022-01-31 02:25:12', '2022-01-31 02:28:06', '0'),
(1330, 279, 0, 'QR-019-L7', '2022-01-31 02:27:43', '2022-01-31 02:28:06', '0'),
(1331, 279, 0, 'QR-018-L7', '2022-01-31 02:29:54', '2022-01-31 02:28:06', '0'),
(1332, 279, 0, 'QR-001-L7', '2022-01-31 02:26:31', '2022-01-31 02:28:06', '0'),
(1333, 279, 0, 'QR-017-L6', '2022-01-31 02:30:09', '2022-01-31 02:28:06', '0'),
(1334, 279, 0, 'QR-015-L6', '2022-01-31 02:30:23', '2022-01-31 02:28:06', '0'),
(1335, 279, 0, 'QR-024-L1', '2022-01-31 02:30:26', '2022-01-31 02:28:06', '0'),
(1336, 279, 0, 'QR-011-L6', '2022-01-31 02:30:30', '2022-01-31 02:28:06', '0'),
(1337, 279, 0, 'QR-006-L7', '2022-01-31 05:04:06', '2022-01-31 05:02:49', '0'),
(1338, 279, 0, 'QR-010-L6', '2022-01-31 04:57:10', '2022-01-31 05:02:49', '0'),
(1339, 279, 0, 'QR-015-L6', '2022-01-31 05:00:13', '2022-01-31 05:02:49', '0'),
(1340, 279, 0, 'QR-024-L1', '2022-01-31 05:00:30', '2022-01-31 05:02:49', '0'),
(1341, 279, 0, 'QR-014-L6', '2022-01-31 05:01:20', '2022-01-31 05:02:49', '0'),
(1342, 279, 0, 'QR-011-L6', '2022-01-31 05:01:47', '2022-01-31 05:02:49', '0'),
(1343, 279, 0, 'QR-012-L6', '2022-01-31 05:01:55', '2022-01-31 05:02:49', '0'),
(1344, 279, 0, 'QR-009-L6', '2022-01-31 05:03:50', '2022-01-31 05:02:49', '0'),
(1345, 279, 0, 'QR-004-L6', '2022-01-31 05:04:44', '2022-01-31 05:02:49', '0'),
(1346, 279, 0, 'QR-005-L6', '2022-01-31 05:04:18', '2022-01-31 05:02:49', '0'),
(1347, 279, 0, 'QR-003-L6', '2022-01-31 05:05:03', '2022-01-31 05:02:49', '0'),
(1348, 279, 0, 'QR-002-L1', '2022-01-31 05:05:14', '2022-01-31 05:02:49', '0'),
(1349, 438, 0, 'QR-002-L1', '2022-01-31 09:06:17', '2022-01-31 09:11:10', '0'),
(1350, 438, 0, 'QR-003-L6', '2022-01-31 09:06:30', '2022-01-31 09:11:10', '0'),
(1351, 438, 0, 'QR-004-L6', '2022-01-31 09:07:01', '2022-01-31 09:11:10', '0'),
(1352, 438, 0, 'QR-011-L6', '2022-01-31 09:07:36', '2022-01-31 09:11:10', '0'),
(1353, 438, 0, 'QR-001-L7', '2022-01-31 09:05:44', '2022-01-31 09:11:10', '0'),
(1354, 438, 0, 'QR-015-L6', '2022-01-31 09:11:11', '2022-01-31 09:11:12', '0'),
(1355, 438, 0, 'QR-012-L6', '2022-01-31 09:07:53', '2022-01-31 09:11:12', '0'),
(1356, 438, 0, 'QR-014-L6', '2022-01-31 09:10:30', '2022-01-31 09:11:12', '0'),
(1357, 438, 0, 'QR-016-L1', '2022-01-31 09:12:13', '2022-01-31 09:11:12', '0'),
(1358, 438, 0, 'QR-024-L1', '2022-01-31 09:11:26', '2022-01-31 09:11:12', '0'),
(1359, 438, 0, 'QR-017-L6', '2022-01-31 09:13:00', '2022-01-31 09:11:14', '0'),
(1360, 438, 0, 'QR-019-L7', '2022-01-31 09:13:40', '2022-01-31 09:11:14', '0'),
(1361, 438, 0, 'QR-018-L7', '2022-01-31 09:13:18', '2022-01-31 09:11:14', '0'),
(1362, 438, 0, 'QR-001-L7', '2022-01-31 09:05:44', '2022-01-31 09:11:15', '0'),
(1363, 438, 0, 'QR-002-L1', '2022-01-31 09:06:17', '2022-01-31 09:11:15', '0'),
(1364, 438, 0, 'QR-004-L6', '2022-01-31 09:07:01', '2022-01-31 09:11:15', '0'),
(1365, 438, 0, 'QR-011-L6', '2022-01-31 09:07:36', '2022-01-31 09:11:15', '0'),
(1366, 438, 0, 'QR-003-L6', '2022-01-31 09:06:30', '2022-01-31 09:11:15', '0'),
(1367, 438, 0, 'QR-012-L6', '2022-01-31 09:07:53', '2022-01-31 09:11:16', '0'),
(1368, 438, 0, 'QR-014-L6', '2022-01-31 09:10:30', '2022-01-31 09:11:16', '0'),
(1369, 438, 0, 'QR-024-L1', '2022-01-31 09:11:26', '2022-01-31 09:11:16', '0'),
(1370, 438, 0, 'QR-015-L6', '2022-01-31 09:11:11', '2022-01-31 09:11:16', '0'),
(1371, 438, 0, 'QR-016-L1', '2022-01-31 09:12:13', '2022-01-31 09:11:16', '0'),
(1372, 438, 0, 'QR-019-L7', '2022-01-31 09:13:40', '2022-01-31 09:11:20', '0'),
(1373, 438, 0, 'QR-017-L6', '2022-01-31 09:13:00', '2022-01-31 09:11:20', '0'),
(1374, 438, 0, 'QR-018-L7', '2022-01-31 09:13:18', '2022-01-31 09:11:20', '0'),
(1375, 279, 0, 'QR-006-L7', '2022-01-31 09:15:40', '2022-01-31 17:52:44', '0'),
(1376, 279, 0, 'QR-001-L7', '2022-01-31 17:44:55', '2022-01-31 17:52:44', '0'),
(1377, 279, 0, 'QR-020-L7', '2022-01-31 09:14:38', '2022-01-31 17:52:44', '0'),
(1378, 279, 0, 'QR-013-L6', '2022-01-31 09:15:03', '2022-01-31 17:52:44', '0'),
(1379, 279, 0, 'QR-018-L7', '2022-01-31 17:46:27', '2022-01-31 17:52:44', '0'),
(1380, 279, 0, 'QR-019-L7', '2022-01-31 17:45:59', '2022-01-31 17:52:44', '0'),
(1381, 279, 0, 'QR-017-L6', '2022-01-31 17:46:53', '2022-01-31 17:52:45', '0'),
(1382, 279, 0, 'QR-015-L6', '2022-01-31 17:47:34', '2022-01-31 17:52:45', '0'),
(1383, 279, 0, 'QR-005-L6', '2022-01-31 09:16:14', '2022-01-31 17:52:45', '0'),
(1384, 279, 0, 'QR-024-L1', '2022-01-31 17:47:53', '2022-01-31 17:52:45', '0'),
(1385, 279, 0, 'QR-014-L6', '2022-01-31 17:48:50', '2022-01-31 17:52:45', '0'),
(1386, 279, 0, 'QR-007-L7', '2022-01-31 17:52:10', '2022-01-31 17:52:45', '0'),
(1387, 279, 0, 'QR-009-L6', '2022-01-31 17:51:10', '2022-01-31 17:52:45', '0'),
(1388, 279, 0, 'QR-010-L6', '2022-01-31 17:50:42', '2022-01-31 17:52:45', '0'),
(1389, 279, 0, 'QR-008-L7', '2022-01-31 17:52:34', '2022-01-31 17:52:45', '0'),
(1390, 279, 0, 'QR-002-L1', '2022-01-31 17:54:39', '2022-01-31 17:52:45', '0'),
(1391, 279, 0, 'QR-003-L6', '2022-01-31 17:54:52', '2022-01-31 17:52:45', '0'),
(1392, 279, 0, 'QR-004-L6', '2022-01-31 17:55:17', '2022-01-31 17:52:46', '0'),
(1393, 279, 0, 'QR-006-L7', '2022-01-31 22:19:57', '2022-01-31 22:20:32', '0'),
(1394, 279, 0, 'QR-001-L7', '2022-01-31 22:15:31', '2022-01-31 22:20:32', '0'),
(1395, 279, 0, 'QR-002-L1', '2022-01-31 22:19:41', '2022-01-31 22:20:32', '0'),
(1396, 279, 0, 'QR-019-L7', '2022-01-31 22:17:38', '2022-01-31 22:20:32', '0'),
(1397, 279, 0, 'QR-017-L6', '2022-01-31 22:22:24', '2022-01-31 22:20:32', '0'),
(1398, 279, 0, 'QR-005-L6', '2022-01-31 22:20:12', '2022-01-31 22:20:32', '0'),
(1399, 279, 0, 'QR-004-L6', '2022-01-31 22:20:42', '2022-01-31 22:20:32', '0'),
(1400, 279, 0, 'QR-018-L7', '2022-01-31 22:22:20', '2022-01-31 22:20:32', '0'),
(1401, 279, 0, 'QR-015-L6', '2022-01-31 22:22:33', '2022-01-31 22:20:32', '0'),
(1402, 279, 0, 'QR-011-L6', '2022-01-31 22:22:41', '2022-01-31 22:20:32', '0'),
(1403, 279, 0, 'QR-024-L1', '2022-01-31 22:22:38', '2022-01-31 22:20:32', '0'),
(1404, 279, 0, 'QR-012-L6', '2022-01-31 22:22:49', '2022-01-31 22:20:32', '0'),
(1405, 279, 0, 'QR-007-L7', '2022-01-31 22:23:01', '2022-01-31 22:20:32', '0'),
(1406, 279, 0, 'QR-008-L7', '2022-01-31 22:23:06', '2022-01-31 22:20:32', '0'),
(1407, 438, 0, 'QR-001-L7', '2022-02-01 09:56:42', '2022-02-01 10:15:23', '0'),
(1408, 438, 0, 'QR-018-L7', '2022-02-01 09:59:17', '2022-02-01 10:15:23', '0'),
(1409, 438, 0, 'QR-019-L7', '2022-02-01 09:57:36', '2022-02-01 10:15:23', '0'),
(1410, 438, 0, 'QR-016-L1', '2022-02-01 09:59:53', '2022-02-01 10:15:23', '0'),
(1411, 438, 0, 'QR-017-L6', '2022-02-01 09:59:35', '2022-02-01 10:15:23', '0'),
(1412, 438, 0, 'QR-014-L6', '2022-02-01 10:01:32', '2022-02-01 10:15:23', '0'),
(1413, 438, 0, 'QR-024-L1', '2022-02-01 10:00:40', '2022-02-01 10:15:23', '0'),
(1414, 438, 0, 'QR-015-L6', '2022-02-01 10:00:13', '2022-02-01 10:15:23', '0'),
(1415, 438, 0, 'QR-012-L6', '2022-02-01 10:02:51', '2022-02-01 10:15:23', '0'),
(1416, 438, 0, 'QR-011-L6', '2022-02-01 10:02:03', '2022-02-01 10:15:24', '0'),
(1417, 438, 0, 'QR-010-L6', '2022-02-01 10:03:31', '2022-02-01 10:15:24', '0'),
(1418, 438, 0, 'QR-009-L6', '2022-02-01 10:05:16', '2022-02-01 10:15:24', '0'),
(1419, 438, 0, 'QR-013-L6', '2022-02-01 10:05:59', '2022-02-01 10:15:24', '0'),
(1420, 438, 0, 'QR-020-L7', '2022-02-01 10:06:24', '2022-02-01 10:15:24', '0'),
(1421, 438, 0, 'QR-021-L7', '2022-02-01 10:06:59', '2022-02-01 10:15:24', '0'),
(1422, 438, 0, 'QR-023-L7', '2022-02-01 10:07:09', '2022-02-01 10:15:24', '0'),
(1423, 438, 0, 'QR-022-L7', '2022-02-01 10:08:29', '2022-02-01 10:15:24', '0'),
(1424, 438, 0, 'QR-006-L7', '2022-02-01 10:09:33', '2022-02-01 10:15:24', '0'),
(1425, 438, 0, 'QR-007-L7', '2022-02-01 10:11:25', '2022-02-01 10:15:24', '0'),
(1426, 438, 0, 'QR-008-L7', '2022-02-01 10:12:01', '2022-02-01 10:15:24', '0'),
(1427, 438, 0, 'QR-005-L6', '2022-02-01 10:12:56', '2022-02-01 10:15:24', '0'),
(1428, 438, 0, 'QR-004-L6', '2022-02-01 10:13:22', '2022-02-01 10:15:24', '0'),
(1429, 438, 0, 'QR-003-L6', '2022-02-01 10:13:54', '2022-02-01 10:15:24', '0'),
(1430, 438, 0, 'QR-002-L1', '2022-02-01 10:14:31', '2022-02-01 10:15:24', '0'),
(1431, 438, 0, 'QR-019-L7', '2022-02-01 12:41:31', '2022-02-01 12:49:38', '0'),
(1432, 438, 0, 'QR-016-L1', '2022-02-01 12:42:34', '2022-02-01 12:49:38', '0'),
(1433, 438, 0, 'QR-001-L7', '2022-02-01 12:40:31', '2022-02-01 12:49:38', '0'),
(1434, 438, 0, 'QR-018-L7', '2022-02-01 12:41:55', '2022-02-01 12:49:38', '0'),
(1435, 438, 0, 'QR-017-L6', '2022-02-01 12:42:15', '2022-02-01 12:49:38', '0'),
(1436, 438, 0, 'QR-024-L1', '2022-02-01 12:43:08', '2022-02-01 12:49:39', '0'),
(1437, 438, 0, 'QR-014-L6', '2022-02-01 12:43:49', '2022-02-01 12:49:39', '0'),
(1438, 438, 0, 'QR-015-L6', '2022-02-01 12:42:51', '2022-02-01 12:49:39', '0'),
(1439, 438, 0, 'QR-011-L6', '2022-02-01 12:44:12', '2022-02-01 12:49:39', '0'),
(1440, 438, 0, 'QR-012-L6', '2022-02-01 12:44:23', '2022-02-01 12:49:39', '0'),
(1441, 438, 0, 'QR-006-L7', '2022-02-01 12:45:17', '2022-02-01 12:49:39', '0'),
(1442, 438, 0, 'QR-013-L6', '2022-02-01 12:44:52', '2022-02-01 12:49:39', '0'),
(1443, 438, 0, 'QR-004-L6', '2022-02-01 12:50:51', '2022-02-01 12:49:39', '0'),
(1444, 438, 0, 'QR-003-L6', '2022-02-01 12:50:33', '2022-02-01 12:49:39', '0'),
(1445, 438, 0, 'QR-002-L1', '2022-02-01 12:51:25', '2022-02-01 12:49:39', '0'),
(1446, 274, 0, 'QR-006-L7', '2022-02-01 18:08:25', '2022-02-02 04:58:37', '0'),
(1447, 274, 0, 'QR-023-L7', '2022-02-01 18:09:56', '2022-02-02 04:58:37', '0'),
(1448, 274, 0, 'QR-021-L7', '2022-02-01 18:09:41', '2022-02-02 04:58:37', '0'),
(1449, 274, 0, 'QR-010-L6', '2022-02-01 18:14:02', '2022-02-02 04:58:38', '0'),
(1450, 274, 0, 'QR-014-L6', '2022-02-01 18:15:41', '2022-02-02 04:58:38', '0'),
(1451, 274, 0, 'QR-012-L6', '2022-02-01 18:14:58', '2022-02-02 04:58:38', '0'),
(1452, 274, 0, 'QR-011-L6', '2022-02-01 18:15:14', '2022-02-02 04:58:38', '0'),
(1453, 274, 0, 'QR-024-L1', '2022-02-01 18:16:37', '2022-02-02 04:58:38', '0'),
(1454, 274, 0, 'QR-015-L6', '2022-02-01 18:16:12', '2022-02-02 04:58:38', '0'),
(1455, 274, 0, 'QR-017-L6', '2022-02-01 18:18:01', '2022-02-02 04:58:38', '0'),
(1456, 274, 0, 'QR-013-L6', '2022-02-01 18:18:36', '2022-02-02 04:58:38', '0'),
(1457, 274, 0, 'QR-004-L6', '2022-02-01 18:20:51', '2022-02-02 04:58:38', '0'),
(1458, 274, 0, 'QR-005-L6', '2022-02-01 18:20:00', '2022-02-02 04:58:38', '0'),
(1459, 274, 0, 'QR-002-L1', '2022-02-01 18:22:39', '2022-02-02 04:58:38', '0'),
(1460, 274, 0, 'QR-003-L6', '2022-02-01 18:20:23', '2022-02-02 04:58:38', '0'),
(1461, 274, 0, 'QR-001-L7', '2022-02-01 18:25:27', '2022-02-02 04:58:38', '0'),
(1462, 274, 0, 'QR-018-L7', '2022-02-01 23:05:44', '2022-02-02 04:58:38', '0'),
(1463, 274, 0, 'QR-009-L6', '2022-02-01 18:13:30', '2022-02-02 04:58:38', '0'),
(1464, 274, 0, 'QR-019-L7', '2022-02-01 23:05:10', '2022-02-02 04:58:38', '0'),
(1465, 438, 0, 'QR-003-L6', '2022-02-02 08:19:01', '2022-02-02 08:16:44', '0'),
(1466, 438, 0, 'QR-012-L6', '2022-02-02 08:20:03', '2022-02-02 08:25:18', '0'),
(1467, 438, 0, 'QR-015-L6', '2022-02-02 08:22:15', '2022-02-02 08:25:18', '0'),
(1468, 438, 0, 'QR-011-L6', '2022-02-02 08:19:55', '2022-02-02 08:25:18', '0'),
(1469, 438, 0, 'QR-014-L6', '2022-02-02 08:21:55', '2022-02-02 08:25:18', '0'),
(1470, 438, 0, 'QR-004-L6', '2022-02-02 08:19:23', '2022-02-02 08:25:18', '0'),
(1471, 438, 0, 'QR-024-L1', '2022-02-02 08:22:30', '2022-02-02 08:25:18', '0'),
(1472, 438, 0, 'QR-017-L6', '2022-02-02 08:23:23', '2022-02-02 08:25:18', '0'),
(1473, 438, 0, 'QR-016-L1', '2022-02-02 08:23:09', '2022-02-02 08:25:18', '0'),
(1474, 438, 0, 'QR-019-L7', '2022-02-02 08:24:03', '2022-02-02 08:25:18', '0'),
(1475, 438, 0, 'QR-018-L7', '2022-02-02 08:23:41', '2022-02-02 08:25:18', '0'),
(1476, 438, 0, 'QR-005-L6', '2022-02-02 08:26:32', '2022-02-02 08:25:18', '0'),
(1477, 438, 0, 'QR-013-L6', '2022-02-02 08:25:04', '2022-02-02 08:25:18', '0'),
(1478, 438, 0, 'QR-006-L7', '2022-02-02 08:25:24', '2022-02-02 08:25:18', '0'),
(1479, 438, 0, 'QR-020-L7', '2022-02-02 08:24:42', '2022-02-02 08:25:18', '0'),
(1480, 438, 0, 'QR-002-L1', '2022-02-02 08:26:45', '2022-02-02 08:25:18', '0'),
(1481, 438, 0, 'QR-001-L7', '2022-02-02 08:27:42', '2022-02-02 08:25:18', '0');

-- --------------------------------------------------------

--
-- Table structure for table `list_visitor`
--

DROP TABLE IF EXISTS `list_visitor`;
CREATE TABLE IF NOT EXISTS `list_visitor` (
  `id` int NOT NULL AUTO_INCREMENT,
  `id_user` varchar(50) DEFAULT NULL,
  `nama` varchar(100) DEFAULT NULL,
  `jadwal` varchar(100) DEFAULT NULL,
  `bertemu` varchar(50) DEFAULT NULL,
  `qr_code` varchar(100) DEFAULT NULL,
  `keperluan` text,
  `description` text,
  `masuk` varchar(50) DEFAULT NULL,
  `keluar` varchar(50) DEFAULT NULL,
  `create` varchar(50) DEFAULT NULL,
  `update` varchar(50) DEFAULT NULL,
  PRIMARY KEY (`id`),
  UNIQUE KEY `qr_code` (`qr_code`)
) ENGINE=InnoDB AUTO_INCREMENT=57 DEFAULT CHARSET=utf8mb4 COLLATE=utf8mb4_0900_ai_ci;

-- --------------------------------------------------------

--
-- Table structure for table `mas_absen_etowa`
--

DROP TABLE IF EXISTS `mas_absen_etowa`;
CREATE TABLE IF NOT EXISTS `mas_absen_etowa` (
  `id` int NOT NULL AUTO_INCREMENT,
  `id_bet` varchar(50) DEFAULT NULL,
  `date` datetime DEFAULT NULL,
  `time` varchar(50) DEFAULT NULL,
  PRIMARY KEY (`id`),
  KEY `id_bet` (`id_bet`)
) ENGINE=InnoDB AUTO_INCREMENT=117 DEFAULT CHARSET=utf8mb4 COLLATE=utf8mb4_0900_ai_ci;

-- --------------------------------------------------------

--
-- Table structure for table `mas_aksesmenu`
--

DROP TABLE IF EXISTS `mas_aksesmenu`;
CREATE TABLE IF NOT EXISTS `mas_aksesmenu` (
  `id` int NOT NULL AUTO_INCREMENT,
  `posisi` varchar(50) DEFAULT NULL,
  `menu_id` int DEFAULT NULL,
  PRIMARY KEY (`id`),
  KEY `menu_id` (`menu_id`)
) ENGINE=InnoDB AUTO_INCREMENT=9 DEFAULT CHARSET=utf8mb4 COLLATE=utf8mb4_0900_ai_ci;

--
-- Dumping data for table `mas_aksesmenu`
--

INSERT INTO `mas_aksesmenu` (`id`, `posisi`, `menu_id`) VALUES
(1, 'admin', 1),
(2, 'admin', 2),
(3, 'admin', 3),
(4, 'admin', 4),
(5, 'adminUndia', 5),
(6, 'user', 3),
(7, 'admin', 7),
(8, 'hod', 7);

-- --------------------------------------------------------

--
-- Table structure for table `mas_cek_out`
--

DROP TABLE IF EXISTS `mas_cek_out`;
CREATE TABLE IF NOT EXISTS `mas_cek_out` (
  `id` int NOT NULL AUTO_INCREMENT COMMENT 'id',
  `badge` varchar(50) DEFAULT NULL COMMENT 'nomor identitas user',
  `plan` varchar(50) DEFAULT NULL,
  `end_time` varchar(50) DEFAULT NULL,
  `destination` text CHARACTER SET utf8mb4 COLLATE utf8mb4_0900_ai_ci COMMENT 'tujuan user',
  `remarks` text CHARACTER SET utf8mb4 COLLATE utf8mb4_0900_ai_ci COMMENT 'keterangan',
  `stts_form` varchar(50) DEFAULT NULL COMMENT 'official or personal',
  `from` text CHARACTER SET utf8mb4 COLLATE utf8mb4_0900_ai_ci COMMENT 'titik awal',
  `to` varchar(50) CHARACTER SET utf8mb4 COLLATE utf8mb4_0900_ai_ci DEFAULT NULL COMMENT 'menuju',
  `approved_by` varchar(50) CHARACTER SET utf8mb4 COLLATE utf8mb4_0900_ai_ci DEFAULT NULL,
  `date_out` varchar(50) DEFAULT NULL,
  `date_in` varchar(50) DEFAULT NULL,
  `update` varchar(50) DEFAULT NULL,
  `create` varchar(50) DEFAULT NULL,
  `is_active` varchar(10) DEFAULT 'false',
  PRIMARY KEY (`id`),
  KEY `badge` (`badge`)
) ENGINE=InnoDB AUTO_INCREMENT=28 DEFAULT CHARSET=utf8mb4 COLLATE=utf8mb4_0900_ai_ci;

--
-- Dumping data for table `mas_cek_out`
--

INSERT INTO `mas_cek_out` (`id`, `badge`, `plan`, `end_time`, `destination`, `remarks`, `stts_form`, `from`, `to`, `approved_by`, `date_out`, `date_in`, `update`, `create`, `is_active`) VALUES
(25, '01-0433', '2022-01-31 07:03', '12:03', 'mall', 'cek barang ', 'personal', 'PT. ETOWA PACKAGING INDONESIA', 'Batam center', NULL, NULL, NULL, NULL, '2022-Jan-28 05:04:27 PM', 'false'),
(26, '50', '2022-01-31 13:00', '17:15', 'Rumah saudara', 'Bayar Pajak Motor', 'personal', 'PT. ETOWA PACKAGING INDONESIA', 'Batu aji', NULL, NULL, NULL, NULL, '2022-Jan-28 05:06:02 PM', 'false'),
(27, '19-4516', '2022-01-31 08:06', '10:06', 'sat nusa', 'Penjemputan paket', 'official', 'PT. ETOWA PACKAGING INDONESIA', 'Nagoya', NULL, NULL, NULL, NULL, '2022-Jan-28 05:08:47 PM', 'false');

-- --------------------------------------------------------

--
-- Table structure for table `mas_failed_for_finger`
--

DROP TABLE IF EXISTS `mas_failed_for_finger`;
CREATE TABLE IF NOT EXISTS `mas_failed_for_finger` (
  `id` int NOT NULL AUTO_INCREMENT,
  `id_bet` varchar(50) DEFAULT NULL,
  `stts` varchar(50) DEFAULT NULL,
  `keterangan` text,
  `date` varchar(50) DEFAULT NULL,
  PRIMARY KEY (`id`)
) ENGINE=InnoDB AUTO_INCREMENT=53 DEFAULT CHARSET=utf8mb4 COLLATE=utf8mb4_0900_ai_ci;

--
-- Dumping data for table `mas_failed_for_finger`
--

INSERT INTO `mas_failed_for_finger` (`id`, `id_bet`, `stts`, `keterangan`, `date`) VALUES
(16, '21-4917', 'keluar', 'sibuk', '2022-01-11 12:58:23'),
(17, '21-4917', 'keluar', 'sibuk', '2022-02-31 11:58:33'),
(18, '21-4917', 'keluar', 'sibuk', '2022-03-31 01:58:37'),
(19, '21-4917', 'keluar', 'sibuk', '2022-04-31 13:58:40'),
(20, '21-4917', 'masuk', 'sibuk', '2022-05-31 08:58:58'),
(21, '21-4917', 'masuk', 'sibuk', '2022-06-31 14:59:00'),
(22, '21-4917', 'masuk', 'sibuk', '2022-07-31 10:59:02'),
(23, '21-4917', 'masuk', 'sibuk', '2022-08-31 01:59:03'),
(24, '21-4917', 'masuk', 'sibuk', '2022-09-31 02:59:04'),
(25, '21-4917', 'masuk', 'sibuk', '2022-10-31 10:59:06'),
(26, '21-4917', 'masuk', 'sibuk', '2022-11-31 10:59:07'),
(27, '21-4917', 'masuk', 'sibuk', '2022-12-31 10:59:08'),
(28, '21-4917', 'masuk', 'sibuk', '2022-01-31 10:59:09'),
(29, '21-4917', 'masuk', 'sibuk', '2022-02-31 10:59:10'),
(30, '21-4917', 'masuk', 'sibuk', '2022-03-31 10:59:11'),
(31, '21-4917', 'masuk', 'sibuk', '2022-04-31 10:59:13'),
(32, '21-4917', 'masuk', 'sibuk', '2022-05-31 10:59:16'),
(33, '21-4917', 'masuk', 'sibuk', '2022-06-31 10:59:18'),
(34, '21-4917', 'masuk', 'sibuk', '2022-07-31 10:59:19'),
(35, '21-4917', 'masuk', 'sibuk', '2022-08-31 10:59:20'),
(36, '21-4917', 'masuk', 'sibuk', '2022-09-31 10:59:22'),
(37, '21-4917', 'masuk', 'sibuk', '2022-10-31 10:59:23'),
(38, '21-4917', 'masuk', 'sibuk', '2022-11-31 10:59:24'),
(39, '21-4917', 'masuk', 'sibuk', '2022-12-31 10:59:25'),
(40, '21-4917', 'masuk', 'sibuk', '2022-01-31 10:59:27'),
(41, '21-4917', 'masuk', 'sibuk', '2022-02-31 10:59:28'),
(42, '21-4917', 'keluar', 'sibuk', '2022-03-31 11:59:31'),
(43, '21-4917', 'keluar', 'sibuk', '2022-04-31 10:59:32'),
(44, '21-4917', 'keluar', 'sibuk', '2022-05-31 10:59:34'),
(45, '21-4917', 'keluar', 'sibuk', '2022-06-31 10:59:35'),
(46, '21-4917', 'keluar', 'sibuk', '2022-07-31 10:59:36'),
(47, '21-4917', 'keluar', 'sibuk', '2022-08-31 10:59:37'),
(48, '21-4917', 'keluar', 'sibuk', '2022-09-31 10:59:40'),
(49, '21-4917', 'keluar', 'sibuk', '2022-10-31 10:59:41'),
(50, '21-4917', 'keluar', 'sibuk', '2022-11-31 11:59:42'),
(51, '21-4917', 'keluar', 'sibuk', '2022-12-31 10:59:43'),
(52, '21-4917', 'keluar', 'sibuk', '2022-01-31 13:59:44');

-- --------------------------------------------------------

--
-- Table structure for table `mas_late_user`
--

DROP TABLE IF EXISTS `mas_late_user`;
CREATE TABLE IF NOT EXISTS `mas_late_user` (
  `id` int NOT NULL AUTO_INCREMENT,
  `id_bet` varchar(50) DEFAULT NULL,
  `id_shift` int DEFAULT NULL,
  `stts` int DEFAULT NULL,
  `alasan` text,
  `date` varchar(50) DEFAULT NULL,
  `time` varchar(50) DEFAULT NULL,
  PRIMARY KEY (`id`)
) ENGINE=InnoDB AUTO_INCREMENT=62 DEFAULT CHARSET=utf8mb4 COLLATE=utf8mb4_0900_ai_ci;

--
-- Dumping data for table `mas_late_user`
--

INSERT INTO `mas_late_user` (`id`, `id_bet`, `id_shift`, `stts`, `alasan`, `date`, `time`) VALUES
(60, '21-4917', 15, 1, '', '2022-01-31 14:24:20', '1643613860'),
(61, '21-4917', 15, 2, '', '2022-01-31 14:24:30', '1643613870');

-- --------------------------------------------------------

--
-- Table structure for table `mas_menu`
--

DROP TABLE IF EXISTS `mas_menu`;
CREATE TABLE IF NOT EXISTS `mas_menu` (
  `id` int NOT NULL AUTO_INCREMENT,
  `menu` varchar(255) DEFAULT NULL,
  `app` varchar(255) DEFAULT NULL,
  `icon` varchar(255) DEFAULT NULL,
  `stts` varchar(20) DEFAULT NULL,
  PRIMARY KEY (`id`) USING BTREE
) ENGINE=InnoDB AUTO_INCREMENT=8 DEFAULT CHARSET=latin1;

--
-- Dumping data for table `mas_menu`
--

INSERT INTO `mas_menu` (`id`, `menu`, `app`, `icon`, `stts`) VALUES
(1, 'Admin', 'security', 'fa-cogs', 'true'),
(2, 'Patrol', 'security', 'fa-user-shield', 'true'),
(3, 'Visitor', 'security', 'fa-address-book', 'true'),
(4, 'User', 'security', 'fa-users', 'true'),
(5, 'Undia', 'security', 'fa-random', 'true'),
(6, 'Izin', 'security', 'fa-user-check', 'true'),
(7, 'Form', 'security', 'fa-ad', 'true');

-- --------------------------------------------------------

--
-- Table structure for table `mas_qr_location`
--

DROP TABLE IF EXISTS `mas_qr_location`;
CREATE TABLE IF NOT EXISTS `mas_qr_location` (
  `id` int NOT NULL AUTO_INCREMENT,
  `qr` varchar(50) DEFAULT NULL,
  `image` varchar(50) DEFAULT NULL,
  `dec` text,
  `stts` varchar(50) DEFAULT NULL,
  `lot` int DEFAULT NULL,
  `log` text,
  `create` varchar(50) DEFAULT NULL,
  `update` varchar(50) DEFAULT NULL,
  PRIMARY KEY (`id`)
) ENGINE=InnoDB AUTO_INCREMENT=50 DEFAULT CHARSET=utf8mb4 COLLATE=utf8mb4_0900_ai_ci;

--
-- Dumping data for table `mas_qr_location`
--

INSERT INTO `mas_qr_location` (`id`, `qr`, `image`, `dec`, `stts`, `lot`, `log`, `create`, `update`) VALUES
(22, 'QR-001-L7', NULL, '<p>Pastikan:</p><ul><li><span style=\"font-size: 1rem;\">Keran dalam keadaan tertutup/ tidak bocor.</span></li></ul><p></p><p></p>', 'CP1 Keran air area LOT-7', 7, ', ', '01-Nov-2021 11:03:04 AM', '09-Dec-2021 08:25:55 AM By master'),
(23, 'QR-002-L1', NULL, '<p>Pastikan:</p><ul><li>Motor parkir dengan teratur.</li><li>Tidak ada bensin yg bocor / tumpah dari motor.</li><li>Tidak ada barang2 penting yg tertinggal di motor.</li></ul>', 'CP2 Motor park area LOT-7', 7, ', ', '01-Nov-2021 11:05:02 AM', '09-Dec-2021 08:22:06 AM By master'),
(24, 'QR-003-L6', NULL, '<p>Pastikan:</p><ul><li>Tidak ada bekas puntung rokok yang masih menyala.</li><li>Karyawan yg sedang di area smoking adalah jam istirahat/ break.</li><li>Karyawan hanya merokok. Tidak makan2 di area smoking.</li></ul>', 'CP3 Smoking area LOT-6', 6, ', ', '01-Nov-2021 11:06:55 AM', '09-Dec-2021 08:22:25 AM By master'),
(25, 'QR-004-L6', NULL, '<p>Pastikan:</p><ul><li>Pintu reception terkunci jika diluar jam kerja/ hari libur.</li><li>Keran kolam tidak bocor/ air tidak tumpah2.</li><li>Air mancur pastikan menyala.</li></ul>', 'CP4 Pintu reception & Kolam LOT-6', 6, ', ', '01-Nov-2021 11:07:33 AM', '09-Dec-2021 08:22:45 AM By master'),
(26, 'QR-005-L6', NULL, '<p>Pastikan:</p><ul><li>Semua keran air tertutup, tidak ada yg bocor.</li><li>Lampu mati jika tidak ada orang didalam/ cek kartu sensor.</li></ul>', 'CP5 Toilet Cewek LOT-6', 6, ', ', '01-Nov-2021 11:08:11 AM', '09-Dec-2021 08:23:02 AM By master'),
(28, 'QR-007-L7', NULL, '<p>Pastikan:</p><ul><li>Lampu dan kipas angin dalam keadaan mati jika tidak digunakan.</li></ul>', 'CP7 Locker area LOT-7', 7, ', ', '01-Nov-2021 11:10:21 AM', '09-Dec-2021 08:23:36 AM By master'),
(29, 'QR-006-L7', NULL, '<p>Pastikan:</p><ul><li>Semua keran air tertutup, tidak ada yg bocor.</li><li>Lampu mati jika tidak ada orang didalam/ cek kartu sensor.</li><li>Keran dispenser dalam keadaan tertutup/ tidak bocor.</li></ul>', 'CP6 Toilet Cowok & Dispenser area LOT-7', 7, ', ', '01-Nov-2021 11:11:39 AM', '09-Dec-2021 08:23:24 AM By master'),
(30, 'QR-008-L7', NULL, '<p>Pastikan:</p><ul><li>Lampu dan kipas angin dalam keadaan mati jika tidak ada orang.</li><li>Pastika keran air di tempat cuci dalam keadaan tertutup dan tidak bocor.</li></ul>', 'CP8 Kantin area LOT-7', 7, ', ', '01-Nov-2021 11:12:19 AM', '09-Dec-2021 08:21:12 AM By master'),
(31, 'QR-009-L6', NULL, '<p>Pastikan:</p><ul><li>Pintu office dalam keadaan terkunci jika diluar jam kerja/ hari libur.</li></ul>', 'CP9 Pintu office LOT-6', 6, ', ', '01-Nov-2021 11:13:25 AM', '09-Dec-2021 08:23:49 AM By master'),
(32, 'QR-010-L6', NULL, '<p>Pastikan:</p><ul><li>Listrik dan lampu dalam keadaan OFF jika diluar jam kerja/ hari libur.</li></ul>', 'CP10 EPS-GP area LOT-6 Lt.2', 6, ', ', '01-Nov-2021 11:14:16 AM', '09-Dec-2021 08:24:03 AM By master'),
(33, 'QR-011-L6', NULL, '<p>Pastikan:</p><ul><li>Listrik dan lampu dalam keadaan OFF jika diluar jam kerja/ hari libur.</li></ul>', 'CP11 Store area & panel LOT-6', 6, ', ', '01-Nov-2021 11:15:30 AM', '09-Dec-2021 08:24:24 AM By master'),
(34, 'QR-012-L6', NULL, '<p>Pastikan:</p><ul><li>Listrik dan lampu dalam keadaan OFF jika diluar jam kerja/ hari libur.</li><li>Pintu arah office selalu dalam keadaan terkunci.</li></ul>', 'CP12 Carrier tape & gangway LOT-6', 6, ', ', '01-Nov-2021 11:16:07 AM', '09-Dec-2021 08:27:56 AM By master'),
(35, 'QR-013-L6', NULL, '<p>Pastika:</p><ul><li>Lampu dalam ke adaan OFF dia luar jam kerja / libur</li></ul>', 'CP13 EPS Bawah LOT-6', 6, ', ', '01-Nov-2021 11:16:39 AM', '09-Dec-2021 08:51:05 AM By master'),
(37, 'QR-014-L6', NULL, '<p>Pastikan:</p><ul><li>Listrik dan lampu dalam keadaan OFF jika diluar jam kerja/ hari libur.</li></ul>', 'CP14 Cut sheet area LOT-6', 6, ', ', '01-Nov-2021 11:18:32 AM', '09-Dec-2021 08:27:10 AM By master'),
(38, 'QR-015-L6', NULL, '<p>Pastikan:</p><ul><li>Listrik dan lampu dalam keadaan OFF jika diluar jam kerja/ hari libur.</li><li>Pintu ditutup pada saat diluar jam kerja/ hari libur.</li></ul>', 'CP15 Laser Room & Block LOT-6', 6, ', ', '01-Nov-2021 11:19:16 AM', '09-Dec-2021 08:46:04 AM By master'),
(39, 'QR-016-L1', NULL, '<p>Pastikan:</p><ul><li>Listrik dan lampu dalam keadaan OFF jika diluar jam kerja/ hari libur.</li><li>Tidak ada kebocoran pipa air/ pipa gas.</li></ul>', 'CP16 Boiler &amp; Compressor', 6, ', ', '01-Nov-2021 11:20:01 AM', '09-Dec-2021 08:26:20 AM By master'),
(40, 'QR-017-L6', NULL, '<p>Pastikan:</p><ul><li>Listrik dan lampu dalam keadaan OFF jika diluar jam kerja/ hari libur.</li></ul>', 'CP17 Expander Area LOT-6 ', 6, ', ', '01-Nov-2021 11:20:38 AM', '09-Dec-2021 08:26:36 AM By master'),
(41, 'QR-018-L7', NULL, '<p>Pastikan:</p><ul><li>Listrik dan lampu dalam keadaan OFF jika diluar jam kerja/ hari libur.</li></ul>', 'CP18 Store Material LOT-7', 7, ', ', '01-Nov-2021 11:21:29 AM', '09-Dec-2021 08:45:38 AM By master'),
(42, 'QR-019-L7', NULL, '<p>Pastikan:</p><ul><li>Tidak ada kebocoran di area Tangki minyak, dan cairan B3.</li></ul>', 'CP19 Scrap & B3 Area LOT-7', 7, ', ', '01-Nov-2021 11:22:07 AM', '09-Dec-2021 08:24:52 AM By master'),
(43, 'QR-020-L7', NULL, '<p>Pastikan:</p><ul><li>Listrik dan lampu dalam keadaan OFF jika diluar jam kerja/ hari libur.</li></ul>', 'CP20 Cutting area LOT-7', 7, ', ', '01-Nov-2021 11:22:36 AM', '09-Dec-2021 08:24:38 AM By master'),
(44, 'QR-021-L7', NULL, '<p>Pastikan:</p><ul><li>Listrik dan lampu dalam keadaan OFF jika diluar jam kerja/ hari libur.</li></ul>', 'CP21 VF Room & Tooling LOT-7', 7, ', ', '01-Nov-2021 11:23:18 AM', '09-Dec-2021 08:28:10 AM By master'),
(45, 'QR-022-L7', NULL, '<p>Pastikan :</p><ul><li>Komputer, listrik mati saat di luar jam kerja.</li><li>Pintu Training room terkunci.&nbsp;</li></ul>', 'CP22 Platform VF Lt. 2', 7, ', ', '01-Nov-2021 11:24:45 AM', '29-Dec-2021 03:09:52 PM By master'),
(46, 'QR-023-L7', NULL, '<p>Pastikan:</p><ul><li>Listrik dan lampu dalam keadaan OFF jika diluar jam kerja/ hari libur.</li></ul>', 'CP23 Panel Listrik area LOT-7', 7, ', ', '01-Nov-2021 11:25:19 AM', '09-Dec-2021 08:28:30 AM By master'),
(48, 'QR-024-L1', NULL, '<p>Pastikan area dalam keadaan aman</p>', '<p>Towa Pekong</p>', 6, NULL, '29-Dec-2021 03:12:00 PM by master', NULL);

-- --------------------------------------------------------

--
-- Table structure for table `mas_shift`
--

DROP TABLE IF EXISTS `mas_shift`;
CREATE TABLE IF NOT EXISTS `mas_shift` (
  `id` int NOT NULL AUTO_INCREMENT,
  `shift` varchar(50) DEFAULT NULL,
  `masuk` varchar(50) DEFAULT NULL,
  `keluar` varchar(50) DEFAULT NULL,
  `m_rest` varchar(50) DEFAULT NULL,
  `s_rest` varchar(50) DEFAULT NULL,
  `create` varchar(50) DEFAULT NULL,
  `update` varchar(50) DEFAULT NULL,
  PRIMARY KEY (`id`),
  UNIQUE KEY `id` (`id`)
) ENGINE=InnoDB AUTO_INCREMENT=16 DEFAULT CHARSET=utf8mb4 COLLATE=utf8mb4_0900_ai_ci;

--
-- Dumping data for table `mas_shift`
--

INSERT INTO `mas_shift` (`id`, `shift`, `masuk`, `keluar`, `m_rest`, `s_rest`, `create`, `update`) VALUES
(15, 'S', '07:00', '16:00', '11:00', '12:00', '2022-Jan-31 02:23:09 PM by master', '2022-Jan-31 02:24:06 PM by master');

-- --------------------------------------------------------

--
-- Table structure for table `mas_submenu`
--

DROP TABLE IF EXISTS `mas_submenu`;
CREATE TABLE IF NOT EXISTS `mas_submenu` (
  `id` int NOT NULL AUTO_INCREMENT,
  `menu_id` int DEFAULT NULL,
  `sub_menu` varchar(255) DEFAULT NULL,
  `url` varchar(255) DEFAULT NULL,
  `stts` varchar(255) DEFAULT NULL,
  PRIMARY KEY (`id`) USING BTREE,
  KEY `menu_id` (`menu_id`) USING BTREE
) ENGINE=InnoDB AUTO_INCREMENT=22 DEFAULT CHARSET=latin1;

--
-- Dumping data for table `mas_submenu`
--

INSERT INTO `mas_submenu` (`id`, `menu_id`, `sub_menu`, `url`, `stts`) VALUES
(1, 1, 'Menu', 'admin/menu', 'false'),
(2, 1, 'User Managemen', 'admin/user', 'true'),
(3, 1, 'User Managemen App', 'admin/user_app', 'true'),
(4, 2, 'QR location', 'admin/qr_location', 'true'),
(5, 3, 'Daftar Visitor', 'admin/visitor', 'true'),
(6, 2, 'History Patrol', 'admin/history_patrol', 'true'),
(7, 4, 'Izin Lot', 'admin/all_users', 'true'),
(8, 4, 'User Location', 'admin/user_location', 'false'),
(9, 5, 'User', 'home/user_undia', 'true'),
(10, 5, 'Hadia', 'home/user_hadia', 'true'),
(11, 5, 'User X Hadia', 'home/user_mendapat', 'true'),
(12, 5, 'User Scan', 'home/user_scan', 'true'),
(13, 6, 'Visitor Grup', 'admin/izin', 'true'),
(14, 4, 'Late Users', 'admin/late_user', 'true'),
(15, 1, 'Shift', 'admin/shift', 'true'),
(16, 4, 'Failed For Finger', 'admin/failed_for_finger', 'true'),
(17, 4, 'Absen User Etowa', 'admin/absen_user_etowa', 'true'),
(18, 1, 'Edit Password', 'home/edit_password', 'true'),
(19, 7, 'Check Out', 'admin/cek_out', 'true'),
(20, 1, 'Devisi', 'admin/devisi', 'true'),
(21, 1, 'User Harian', 'admin/user_harian', 'true');

-- --------------------------------------------------------

--
-- Table structure for table `mas_user_location`
--

DROP TABLE IF EXISTS `mas_user_location`;
CREATE TABLE IF NOT EXISTS `mas_user_location` (
  `id` int NOT NULL AUTO_INCREMENT,
  `id_user` int DEFAULT NULL,
  `lat` varchar(50) DEFAULT NULL,
  `long` varchar(50) DEFAULT NULL,
  `date` varchar(50) DEFAULT NULL,
  PRIMARY KEY (`id`)
) ENGINE=InnoDB AUTO_INCREMENT=2456 DEFAULT CHARSET=utf8mb4 COLLATE=utf8mb4_0900_ai_ci;

-- --------------------------------------------------------

--
-- Table structure for table `mas_user_scan`
--

DROP TABLE IF EXISTS `mas_user_scan`;
CREATE TABLE IF NOT EXISTS `mas_user_scan` (
  `id` int NOT NULL AUTO_INCREMENT,
  `id_bet` varchar(50) DEFAULT NULL,
  `remarks` text,
  `w_masuk` varchar(100) DEFAULT NULL,
  `w_keluar` varchar(100) DEFAULT NULL,
  `dari` varchar(100) DEFAULT NULL,
  `menuju` varchar(100) DEFAULT NULL,
  `date` varchar(100) DEFAULT NULL,
  PRIMARY KEY (`id`)
) ENGINE=InnoDB AUTO_INCREMENT=125 DEFAULT CHARSET=utf8mb4 COLLATE=utf8mb4_0900_ai_ci;

--
-- Dumping data for table `mas_user_scan`
--

INSERT INTO `mas_user_scan` (`id`, `id_bet`, `remarks`, `w_masuk`, `w_keluar`, `dari`, `menuju`, `date`) VALUES
(51, '21-4802', 'mengganti mancis dilot1', '1642481380', '1642481353', 'lot1', 'lot 6', '2022-01-18'),
(52, '21-4802', 'memasang mancis dikantin lot1', '1642481641', '1642481446', 'Lot 7', 'lot 1', '2022-01-18'),
(53, '10-2271', 'perbaiki mesin', '1642497582', '1642485010', 'lot1', 'lot 6', '2022-01-18'),
(54, '20-4701', 'ambil bascater', '1642494408', '1642490133', 'lot1', 'lot 6', '2022-01-18'),
(55, '21-4902', 'cek barang', '1642491834', '1642490620', 'lot1', 'lot 6', '2022-01-18'),
(56, '20-4727', 'cek barang', '1642491846', '1642490632', 'lot1', 'lot 6', '2022-01-18'),
(57, '21-4836', 'ganti mause tooling', '1642495034', '1642493861', 'lot1', 'lot 6', '2022-01-18'),
(58, '21-4917', ' ', '1642493886', '1642493879', 'lot1', 'lot 6', '2022-01-18'),
(59, '20-4680', ' ', '1642555134', '1642550705', 'lot1', 'lot 6', '2022-01-19'),
(60, '21-4902', ' ', '1642560686', '1642558680', 'Lot 7', 'Lot 1', '2022-01-19'),
(61, '21-4836', ' ', '1642560833', '1642558701', 'Lot 7', 'Lot 1', '2022-01-19'),
(62, '20-4680', ' ', '1642565882', '1642562034', 'Lot 7', 'Lot 1', '2022-01-19'),
(63, '20-4680', ' ', '1642565915', '1642565894', 'Lot 7', 'Lot 1', '2022-01-19'),
(64, '21-4961', ' ', '1642567930', '1642566935', 'lot1', 'lot 6', '2022-01-19'),
(65, '20-4680', ' ', '1642576811', '1642574595', 'Lot 7', 'Lot 1', '2022-01-19'),
(66, '21-4807', ' ', '1642646756', '1642641436', 'lot1', 'lot 6', '2022-01-20'),
(67, '21-4877', ' ', '1642643891', '1642643127', 'lot1', 'lot 6', '2022-01-20'),
(68, '21-4807', ' ', '1642666024', '1642646767', 'Lot 7', 'Lot 1', '2022-01-20'),
(69, '21-4894', ' ', '1642666031', '1642646776', 'lot1', 'lot 6', '2022-01-20'),
(70, '21-4835', ' ', '1642650296', '1642646984', 'lot1', 'lot 6', '2022-01-20'),
(71, '20-4680', ' ', '1642667251', '1642662870', 'Lot 7', 'Lot 1', '2022-01-20'),
(72, '20-4680', ' ', '1642733285', '1642732390', 'Lot 7', 'Lot 1', '2022-01-21'),
(73, '21-4836', ' ', '1642758748', '1642753507', 'Lot 7', 'Lot 1', '2022-01-21'),
(74, '20-4680', ' ', '1642989067', '1642988144', 'Lot 7', 'Lot 1', '2022-01-24'),
(75, '21-4836', ' ', '1642992424', '1642989447', 'Lot 7', 'Lot 7', '2022-01-24'),
(76, '01-0433', ' ', '1642995606', '1642992492', 'lot1', 'lot 6', '2022-01-24'),
(77, '21-4894', ' ', '1643014264', '1642994514', 'Lot 7', 'Lot 1', '2022-01-24'),
(78, '20-4680', ' ', '1642999955', '1642994962', 'Lot 7', 'Lot 1', '2022-01-24'),
(79, '21-4902', ' ', '1642996847', '1642995140', 'Lot 7', 'Lot 1', '2022-01-24'),
(80, '21-4902', ' ', '1643010211', '1643007813', 'Lot 7', 'Lot 1', '2022-01-24'),
(81, '20-4727', ' ', '1643011521', '1643007821', 'Lot 7', 'Lot 1', '2022-01-24'),
(82, '21-4835', ' ', '1643012913', '1643011868', 'Lot 7', 'Lot 1', '2022-01-24'),
(83, '21-4917', ' ', '1643012189', '1643012033', 'lot 7', 'lot 1', '2022-01-24'),
(84, '21-4802', ' ', '1643014354', '1643013231', 'Lot 7', 'Lot 1', '2022-01-24'),
(85, '21-4877', ' ', '1643070410', '1643069847', 'Lot 7', 'Lot 1', '2022-01-25'),
(86, '21-4878', ' ', '1643078462', '1643076413', 'lot1', 'lot 6', '2022-01-25'),
(87, '21-4894', ' ', '1643078566', '1643077931', 'Lot 7', 'Lot 1', '2022-01-25'),
(88, '21-4902', ' ', '1643079908', '1643079526', 'Lot 7', 'Lot 1', '2022-01-25'),
(89, '19-4523', ' ', '1643080748', '1643079686', 'lot1', 'lot 6', '2022-01-25'),
(90, '21-4894', ' ', '1643096313', '1643090742', 'Lot 7', 'Lot 1', '2022-01-25'),
(91, '19-4523', ' ', '1643099201', '1643097785', 'Lot 7', 'Lot 1', '2022-01-25'),
(92, '21-4902', ' ', '1643100269', '1643098685', 'Lot 7', 'Lot 1', '2022-01-25'),
(93, '20-4727', ' ', '1643100185', '1643098689', 'Lot 7', 'Lot 1', '2022-01-25'),
(94, '21-4894', ' ', '1643186917', '1643159066', 'Lot 7', 'Lot 1', '2022-01-26'),
(95, '21-4902', ' ', '1643163372', '1643160584', 'Lot 7', 'Lot 1', '2022-01-26'),
(96, '21-4883', ' ', '1643169772', '1643160786', 'lot1', 'lot 6', '2022-01-26'),
(97, '21-4953', ' ', '1643184458', '1643183220', 'lot1', 'lot 6', '2022-01-26'),
(98, '20-4727', ' ', '1643187216', '1643185334', 'Lot 7', 'Lot 1', '2022-01-26'),
(99, '21-4877', ' ', '1643332451', '1643330747', 'Lot 7', 'Lot 1', '2022-01-28'),
(100, '21-4836', ' ', '1643338577', '1643334217', 'Lot 7', 'Lot 1', '2022-01-28'),
(101, '21-4961', ' ', '1643339288', '1643334845', 'Lot 7', 'Lot 1', '2022-01-28'),
(102, '01-0433', ' ', '1643337781', '1643336233', 'Lot 7', 'Lot 1', '2022-01-28'),
(103, '21-4836', ' ', '1643345088', '1643340652', 'Lot 7', 'Lot 1', '2022-01-28'),
(104, '21-4902', ' ', '1643342245', '1643341086', 'Lot 7', 'Lot 1', '2022-01-28'),
(105, '21-4909', ' ', '1643357790', '1643355911', 'lot1', 'lot 6', '2022-01-28'),
(106, '21-4902', ' ', '1643357280', '1643356328', 'Lot 7', 'Lot 1', '2022-01-28'),
(107, '20-4716', ' ', '1643360254', '1643357443', 'lot1', 'lot 6', '2022-01-28'),
(108, '99-0218', ' ', '1643360246', '1643357525', 'lot1', 'lot 6', '2022-01-28'),
(109, '20-4727', ' ', '1643359812', '1643359104', 'Lot 7', 'Lot 1', '2022-01-28'),
(110, '21-4894', ' ', '1643612943', '1643591433', 'Lot 7', 'Lot 1', '2022-01-31'),
(111, '21-4877', ' ', '1643595256', '1643593482', 'Lot 7', 'Lot 1', '2022-01-31'),
(112, '20-4680', ' ', '1643597756', '1643593593', 'Lot 7', 'Lot 1', '2022-01-31'),
(113, '21-4921', ' ', '1643597643', '1643596613', 'lot1', 'lot 6', '2022-01-31'),
(114, '20-4727', ' ', '1643599903', '1643598666', 'Lot 7', 'Lot 1', '2022-01-31'),
(115, '20-4680', ' ', '1643601731', '1643599535', 'Lot 7', 'Lot 1', '2022-01-31'),
(116, '21-4836', ' ', '1643605296', '1643601059', 'Lot 7', 'Lot 1', '2022-01-31'),
(117, '21-4807', ' ', '1643610648', '1643607986', 'Lot 7', 'Lot 1', '2022-01-31'),
(118, '21-4836', ' ', '1643772543', '1643612492', 'Lot 7', 'Lot 1', '2022-01-31'),
(119, '20-4727', ' ', '1643614084', '1643613440', 'Lot 7', 'Lot 1', '2022-01-31'),
(120, '19-4516', ' ', '1643769169', '1643765178', 'lot1', 'lot 6', '2022-02-02'),
(121, '20-4726', ' ', '1643768995', '1643768312', 'lot1', 'lot 6', '2022-02-02'),
(122, '21-4836', ' ', '1643774827', '1643772842', 'Lot 7', 'Lot 1', '2022-02-02'),
(123, '21-4894', ' ', NULL, '1643776836', 'Lot 7', 'Lot 1', '2022-02-02');

-- --------------------------------------------------------

--
-- Table structure for table `tblweb_privilege`
--

DROP TABLE IF EXISTS `tblweb_privilege`;
CREATE TABLE IF NOT EXISTS `tblweb_privilege` (
  `id` int NOT NULL AUTO_INCREMENT,
  `privilege_name` varchar(126) DEFAULT NULL,
  PRIMARY KEY (`id`)
) ENGINE=InnoDB AUTO_INCREMENT=21 DEFAULT CHARSET=latin1;

-- --------------------------------------------------------

--
-- Table structure for table `user_app`
--

DROP TABLE IF EXISTS `user_app`;
CREATE TABLE IF NOT EXISTS `user_app` (
  `id` int NOT NULL AUTO_INCREMENT,
  `id_finger` varchar(50) DEFAULT NULL,
  `name` varchar(255) DEFAULT NULL,
  `id_bet` varchar(50) DEFAULT NULL,
  `email` varchar(255) DEFAULT NULL,
  `no_phone` varchar(255) DEFAULT NULL,
  `devisi` varchar(255) DEFAULT NULL,
  `section` varchar(255) DEFAULT NULL,
  `password` varchar(255) DEFAULT NULL,
  `image` varchar(255) DEFAULT NULL,
  `enable_login` int DEFAULT NULL,
  `enable_hod_app` int DEFAULT '0',
  `stts_kerja` varchar(50) DEFAULT NULL,
  `created` varchar(100) DEFAULT NULL,
  `created_by` varchar(255) DEFAULT NULL,
  `update_by` varchar(255) DEFAULT NULL,
  PRIMARY KEY (`id`)
) ENGINE=InnoDB AUTO_INCREMENT=591 DEFAULT CHARSET=utf8mb4 COLLATE=utf8mb4_0900_ai_ci;

--
-- Dumping data for table `user_app`
--

INSERT INTO `user_app` (`id`, `id_finger`, `name`, `id_bet`, `email`, `no_phone`, `devisi`, `section`, `password`, `image`, `enable_login`, `enable_hod_app`, `stts_kerja`, `created`, `created_by`, `update_by`) VALUES
(5, '1', 'tes', '311-12', 'tes@gmail.com', '', 'security', '1', '$2y$10$A7KRdclzHUzyVlirFuJVeOQp0B.AuEVXkFVNQt044vhnXU7AnpoP2', '1642410594_98031cf89ce5c39f2ea1.jpg', 1, 1, NULL, '2021-09-01 12:02:14 PM', 'user', NULL),
(274, '50', 'Sentosa', '50', 'sentosa@gmail.com', '', 'security', '1', '$2y$10$Mcgu2ElKxlAVDXiBobmLIuR8k0fVq0n77aKH0P/bcBnN0p/3ZPedS', '1641783009_232f4e41697e05a17152.jpg', 1, 0, NULL, '2022-Jan-10 09:29:42 AM', 'master', NULL),
(275, '4238', 'Mishari', '4238', 'mishari@gmail.com', '', 'security', '1', '$2y$10$33RBA781V.TeYhCluyBQCudXRbzRXAChyuPMmv3TqOSUQpJyjkgjy', 'user.jpg', 1, 0, NULL, '2022-Jan-10 09:30:32 AM', 'master', NULL),
(276, '4357', 'Hermanto', '4357', 'hermanto@gmail.com', '', 'security', '1', '$2y$10$j1CUEwv.EA../.6ZDJRc7eex7cJHD78EIrm3NE/RMjvNXuYTVF4Si', 'user.jpg', 1, 0, NULL, '2022-Jan-10 09:31:26 AM', 'master', NULL),
(277, '54', 'Rizky ', '54', 'rizky@gmail.com', '', 'security', '1', '$2y$10$g62ODD3eT2HxMMEQk.beNuIYSCk6E/3Xo/CafektZ4ZWJgMggenPS', 'user.jpg', 1, 0, NULL, '2022-Jan-10 09:32:09 AM', 'master', NULL),
(278, '55', 'Iwan Rahmadi', '55', 'iwanrahmadi@gmail.com', '', 'security', '1', '$2y$10$CeMiAKj9i9HxUfDdvnZOaeZNf0W39E9VWqlkkllfug9By4UHZF60W', 'user.jpg', 1, 0, NULL, '2022-Jan-10 09:33:14 AM', 'master', NULL),
(279, '56', 'Rahmat Rizki', '56', 'rahmatrizki@gmail.com', '', 'security', '1', '$2y$10$6N/v6U6HWbmAkMD..xWshO3oA/UqblwLWVn4GhoPDDADu.kyn1vtG', 'user.jpg', 1, 0, NULL, '2022-Jan-10 09:33:56 AM', 'master', NULL),
(449, '9001', 'Lee Kaw Hwa', '97-0001', NULL, '', 'Operation Director', 'GA241  Mr. Lee Kaw Hwa', '$2y$10$8drKAoMW3mxmR1JYqhKy3uckTjBef4PGyT4bppCGB3izVbMfhPXmG', 'user.jpg', 0, 0, NULL, '2022-Feb-02 09:51:47 AM', 'master', '2022-Feb-02 09:54:05 AM By master'),
(450, '9218', 'Ria Gunawati', '99-0218', NULL, '', 'Asst. Manager ', 'GA271 Marketing Departemen', '$2y$10$Nu/T2Fdw6Syyq8i/vheag.Fl2Uyk4SWGbA.hLO.xs6jp6dfdRVXf2', 'user.jpg', 0, 0, NULL, '2022-Feb-02 09:51:47 AM', 'master', '2022-Feb-02 09:54:46 AM By master'),
(451, '9296', 'Lastri Sri Untari', '00-0296', '', '', 'Asst. Manager ', 'PN151  Customer Service', '$2y$10$2iFSKC0Tg1SDx8JikonDReXDKCSlimOKeseCVcgfy.02Tk2QVsEka', 'user.jpg', 0, 0, NULL, '2022-Feb-02 09:51:47 AM', 'master', '2022-Feb-02 09:55:27 AM By master'),
(452, '9330', 'Candra Denny Moris Sinaga', '00-0330', '', '', 'Driver Store', 'PN153  Store Driver', '$2y$10$75yiGyqDIrNZPL5VkIRAQeDfg9tXE.uUytVQEIXc1tiLlKUWOynXm', 'user.jpg', 0, 0, NULL, '2022-Feb-02 09:51:47 AM', 'master', '2022-Feb-02 09:56:14 AM By master'),
(453, '9370', 'Julita Sitinjak', '01-0370', '', '', 'Leader', 'PN171  Quality Control', '$2y$10$lCoRh0muB5s.zoewQrUtUuf/UZqBrJPuz6wlSJNBtOYDrRaaeHrpq', 'user.jpg', 0, 0, NULL, '2022-Feb-02 09:51:47 AM', 'master', '2022-Feb-02 09:56:42 AM By master'),
(454, '2271', 'Rahman Sibarani', '10-2271', '', '', 'Manager ', 'PN183  General (Engineering)', '$2y$10$ctO6oGB3aI1q6NlGwFLzR.xJMOYv3LzqoaaPOF3nyjDbc4z4ghND6', 'user.jpg', 0, 0, NULL, '2022-Feb-02 09:51:47 AM', 'master', NULL),
(455, '3887', 'Edy Wandy', '17-3887', '', '', 'Operator', 'PN149  Production General', '$2y$10$y7HkENXqKkpL5Ohvjs2hoe53OxhFTQYuiaiByQuoaAf90L2Ndbuyi', 'user.jpg', 0, 0, NULL, '2022-Feb-02 09:51:47 AM', 'master', NULL),
(456, '4239', 'Jatmo Widodo', '18-4239', '', '', 'Snr. Asst Engineer', 'PN183  General (Engineering)', '$2y$10$dAi78DBReetlTiL3VlsiBOmDic73N3Jx89gGp8H.Ogv2K0lUpUj0q', 'user.jpg', 0, 0, NULL, '2022-Feb-02 09:51:47 AM', 'master', NULL),
(457, '4351', 'Sarina ', '19-4351', '', '', 'Asst. Manager ', 'GA221  Account', '$2y$10$zlQ2O02LRxM06KWxCxpDCeFhz.hQJWafHRIyrPwkFLijNY9FOI.by', 'user.jpg', 0, 0, NULL, '2022-Feb-02 09:51:47 AM', 'master', NULL),
(458, '4362', 'Kembar Martua Sitompul ', '19-4362', '', '', 'Leader ', 'PN120  Vacuum Forming', '$2y$10$sKxnRGxCsUr5LVGHnBElceI5fra64tzBs0Hy7.g3tpAevmi1y5KZu', 'user.jpg', 0, 0, NULL, '2022-Feb-02 09:51:47 AM', 'master', NULL),
(459, '4378', 'Kurnia wati ', '19-4378', '', '', 'Asst. Officer', 'PN151  Customer Service', '$2y$10$4cBzZqb9ncFsncZdaGVSK.Emhxmf1oc2235uLS81j4pLb7H08OIZ6', 'user.jpg', 0, 0, NULL, '2022-Feb-02 09:51:48 AM', 'master', NULL),
(460, '4432', 'Cadra Waldi ', '19-4432', '', '', 'Supervisor', 'PN120  Vacuum Forming', '$2y$10$9B6aPxeKUhC8VTOsy2oHReoBbMJ/MlxMSgNr4/ec5bjER36EHZcVu', 'user.jpg', 0, 0, NULL, '2022-Feb-02 09:51:48 AM', 'master', NULL),
(461, '4435', 'Eka Yulia ', '19-4435', '', '', 'Leader', 'PN171  Quality Control', '$2y$10$34Oxd..4Ybj2muVKDKacOuo6uGmDwPgYJKsFEhTWNZsT76BgxgUhG', 'user.jpg', 0, 0, NULL, '2022-Feb-02 09:51:48 AM', 'master', NULL),
(462, '4516', 'Mahlil Tarore ', '19-4516', '', '', 'Asst. Engineer', 'PN163 General (Tooling)', '$2y$10$xPfUrfmVnDv3anXPAFjZS.sqZ1GivY3yCqYlhBfOW9tZ2BwJknkP6', 'user.jpg', 0, 0, NULL, '2022-Feb-02 09:51:48 AM', 'master', NULL),
(463, '4523', 'Restu Fajar Pamungkas', '19-4523', '', '', 'Cleaning Service', 'GA214  Cleaning Service', '$2y$10$etQ0HagnLiVM0VW0nQWJPOl1Bw1F2eI8v1A1uTz8J3en6aFT/I1RK', 'user.jpg', 0, 0, NULL, '2022-Feb-02 09:51:48 AM', 'master', NULL),
(464, '4531', 'Donny Perdana', '19-4531', '', '', 'Store Attendance', 'PN152  Store', '$2y$10$YUTKIYv9HE2/GK5/mv0fmOfw4IqqT4u0jKHhC/b3Sg9ofST46Phk.', 'user.jpg', 0, 0, NULL, '2022-Feb-02 09:51:48 AM', 'master', NULL),
(465, '4540', 'Maya Sari', '19-4540', '', '', 'Snr. Clerk ', 'GA221  Account', '$2y$10$7I.Xm3xXSepmOjnWUheUL.qFqutLzjhccppA0ZVaICaMmT1cVuFQy', 'user.jpg', 0, 0, NULL, '2022-Feb-02 09:51:48 AM', 'master', NULL),
(466, '4542', 'Edy Wardy', '19-4542', '', '', 'Snr.Leader', 'PN152  Store', '$2y$10$w7f5KAU1zUtt2T6AnHnGmOicDNtT9EtaxZActDYpaBBBTrnI7QBoG', 'user.jpg', 0, 0, NULL, '2022-Feb-02 09:51:48 AM', 'master', NULL),
(467, '4549', 'Akhir Muda Hasibuan', '20-4549', '', '', 'Store Attendance', 'PN152  Store', '$2y$10$pBl2g8Lv9SbadHa5ts/h1eQJ59xCp3ckDU5l2fVWw7EWoZJHinujS', 'user.jpg', 0, 0, NULL, '2022-Feb-02 09:51:48 AM', 'master', NULL),
(468, '4571', 'Yunita Sahari', '20-4571', '', '', 'Snr.Officer', 'PN151  Customer Service', '$2y$10$W2aYgTx0udofhyYRn99vgOQvJ8sPwrhG1lS0GSCklmN9grZv8hRM.', 'user.jpg', 0, 0, NULL, '2022-Feb-02 09:51:48 AM', 'master', NULL),
(469, '4572', 'Harman Adi', '20-4572', '', '', 'Leader', 'PN152  Store', '$2y$10$EWLVGKbcovunweRBmp0J5eE2emgfqk.ngu1bthSPCsbOV5pLtOl2S', 'user.jpg', 0, 0, NULL, '2022-Feb-02 09:51:48 AM', 'master', NULL),
(470, '4605', 'Yolanda Herawati', '20-4605', '', '', 'QC Clerk', 'PN171  Quality Control', '$2y$10$ZXXdCkolHDNQg/VsonyxQudIQYJj031WUqKw1NTzXnuE0ohNAwLf6', 'user.jpg', 0, 0, NULL, '2022-Feb-02 09:51:48 AM', 'master', NULL),
(471, '4607', 'A. Sadudin', '20-4607', '', '', 'Store Attendance', 'PN152  Store', '$2y$10$sU6UESWDTe2x6vtrcURnWONb3nIrgpwo3Ch7sB8HWj8FwkFXfnIsK', 'user.jpg', 0, 0, NULL, '2022-Feb-02 09:51:48 AM', 'master', NULL),
(472, '4670', 'Muhammad Ikhsan', '20-4670', '', '', 'Operator', 'PN130  General Packaging', '$2y$10$4fKaFAHoXTul5Wu7PMA./uWHMbv.Pbtod8u3wzc8RNNkeg4ZjK3uG', 'user.jpg', 0, 0, NULL, '2022-Feb-02 09:51:48 AM', 'master', NULL),
(473, '4680', 'Sa\'ban Kurniadi', '20-4680', '', '', 'QC Inspector', 'PN171  Quality Control', '$2y$10$Q8JCG7fw4t9zkubfo/bgnek/3x08rEoS.X9wo97XfvBV54z6b4Beu', 'user.jpg', 0, 0, NULL, '2022-Feb-02 09:51:48 AM', 'master', NULL),
(474, '4701', 'Ikhsannul Fikri', '20-4701', '', '', 'Technician', 'PN163 General (Tooling)', '$2y$10$FPqZTa6lScamF3gR9r10C.pBPCkWQi77LpU0I57ZHINd0bzerl9hC', 'user.jpg', 0, 0, NULL, '2022-Feb-02 09:51:48 AM', 'master', NULL),
(475, '4703', 'Andika Saputra', '20-4703', '', '', 'Senior Leader', 'PN130  General Packaging', '$2y$10$rUwiGI4JQ.WDzbbD23q/ZOCidtOMcmYa.tqmtyGbRJPR7QrTryiyG', 'user.jpg', 0, 0, NULL, '2022-Feb-02 09:51:48 AM', 'master', NULL),
(476, '4704', 'Trimiyati', '20-4704', '', '', 'Clerk ', 'PN149  Production General', '$2y$10$QZhBHRKJ4FQIH3hLzmknIeH/3FH6HtgkgrzpVJYpLYDQnsinJ3TS.', 'user.jpg', 0, 0, NULL, '2022-Feb-02 09:51:48 AM', 'master', NULL),
(477, '4707', 'Tauristina', '20-4707', '', '', 'Operator', 'PN120  Vacuum Forming', '$2y$10$n7Kuzq0eodSBNkqXbiBa/uK9IfbDiaYD7FEcEnmmhlRyJtetnySF6', 'user.jpg', 0, 0, NULL, '2022-Feb-02 09:51:49 AM', 'master', NULL),
(478, '4709', 'Nurmailis Yanti', '20-4709', '', '', 'Operator', 'PN130  General Packaging', '$2y$10$ovnoVkyI9Mcl9rI1S6rFpunOCzcuQJ8hAGxm0X4KDxuuH.IqTGV/.', 'user.jpg', 0, 0, NULL, '2022-Feb-02 09:51:49 AM', 'master', NULL),
(479, '4716', 'Ajeng Puspa Sari', '20-4716', '', '', 'Clerk ', 'PN145  Planning', '$2y$10$YIbgCHBaw/ZYUN6IG2/5suW9R5eWFIDTiboeBAY8TunlKJk3wpX7i', 'user.jpg', 0, 0, NULL, '2022-Feb-02 09:51:49 AM', 'master', NULL),
(480, '4717', 'Syamsio Manurung', '20-4717', '', '', 'Machine Setter', 'PN110  EPS/EPE', '$2y$10$Y7yo.cOcXC7bKHQP7zio0Ot.0ZiklHvBrCAkhIgLAxC.4NzA7P.Eq', 'user.jpg', 0, 0, NULL, '2022-Feb-02 09:51:49 AM', 'master', NULL),
(481, '4718', 'Khairul Anwar Siregar', '20-4718', '', '', 'Machine Setter', 'PN120  Vacuum Forming', '$2y$10$QA3oUtyRv8dTWI1pmh0rxO9/aPsEMjK3mKU/qyTrjjIiKqW/1.oL.', 'user.jpg', 0, 0, NULL, '2022-Feb-02 09:51:49 AM', 'master', NULL),
(482, '4726', 'Charli Pahotan Alamsyah Siahaan', '20-4726', '', '', 'QC Inspector', 'PN171  Quality Control', '$2y$10$TXbuWq5kGpnUI.eP8cl9guyEjpUDpIf32tFPr8xyRzB/3aCrd50Sm', 'user.jpg', 0, 0, NULL, '2022-Feb-02 09:51:49 AM', 'master', NULL),
(483, '4727', 'Robert Simanjuntak', '20-4727', '', '', 'Snr. Manager', 'PN149  Production General', '$2y$10$NuUsD8XuPxb8qCEuEIJ3c.kcLBhmgPYsqpUmtM51tKgosHPMgaxTi', 'user.jpg', 0, 0, NULL, '2022-Feb-02 09:51:49 AM', 'master', NULL),
(484, '4729', 'Arif Abdurrohman', '20-4729', '', '', 'Driver Store', 'PN153  Store Driver', '$2y$10$GpTXGK9b4t0C/6ke5WDgLup9OV/QtvNZmivxDyK4d3U1QPVb4m/ry', 'user.jpg', 0, 0, NULL, '2022-Feb-02 09:51:49 AM', 'master', NULL),
(485, '4750', 'Andri Dimi Pasunda', '20-4750', '', '', 'Operator', 'PN130  General Packaging', '$2y$10$fvFrNtG6x9lKEEVfksiScu5.T2I5.o42yNPwjNUntZdrCyJXMTIp.', 'user.jpg', 0, 0, NULL, '2022-Feb-02 09:51:49 AM', 'master', NULL),
(486, '4752', 'Gopi Yuantoni Putra ', '20-4752', '', '', 'Technician', 'PN163 General (Tooling)', '$2y$10$hEM/dufdGg0DhqzhUjZqvOkJWAd0x5oi1ZXM8Ov6ObiEHokxFfLbi', 'user.jpg', 0, 0, NULL, '2022-Feb-02 09:51:49 AM', 'master', NULL),
(487, '4753', 'Ismadi ', '20-4753', '', '', 'Technician', 'PN163 General (Tooling)', '$2y$10$HhMQdAMyGnMFS04nCAGNSuw9Of0iaFd4chAFnjHaAQcULEY38BuV2', 'user.jpg', 0, 0, NULL, '2022-Feb-02 09:51:49 AM', 'master', NULL),
(488, '4755', 'Chairil Anwar', '20-4755', '', '', 'Machine Setter', 'PN120  Vacuum Forming', '$2y$10$ryAA4.qMZGf4b3QAtpj7keC/SWepCtA222WGdHvH1cG.bfPjjcyqS', 'user.jpg', 0, 0, NULL, '2022-Feb-02 09:51:49 AM', 'master', NULL),
(489, '4768', 'Rizki Mulya Ritonga', '20-4768', '', '', 'Technician', 'PN183  General (Engineering)', '$2y$10$5bncxCX0Fjv7wjaD64ylLeLKO71lssI/akv/Xo3nzi6La9WY.9JbC', 'user.jpg', 0, 0, NULL, '2022-Feb-02 09:51:49 AM', 'master', NULL),
(490, '4771', 'Novebri Tri Vani', '20-4771', '', '', 'Snr. Clerk ', 'GA216  HR', '$2y$10$U6eHSJRHeyG9JsLaUwwFhOsIDWdp4VCtyM8.8Rg9AMCqkguL5Oko6', 'user.jpg', 0, 0, NULL, '2022-Feb-02 09:51:49 AM', 'master', NULL),
(491, '4775', 'Nur hayati Suksin', '20-4775', '', '', 'Operator', 'PN120  Vacuum Forming', '$2y$10$SrTLrFbkcXYNf8Boexo8Bea8tGzoaKuoEIwYgStlnyFlBUc6mONpi', 'user.jpg', 0, 0, NULL, '2022-Feb-02 09:51:49 AM', 'master', NULL),
(492, '4777', 'Deny Susyanti', '20-4777', '', '', 'Operator', 'PN120  Vacuum Forming', '$2y$10$6wQY9legzcegtbh/slntKej0HO52t3klquwsUzhE3Y/gjOZIZQFZ.', 'user.jpg', 0, 0, NULL, '2022-Feb-02 09:51:49 AM', 'master', NULL),
(493, '4778', 'Asnidawati', '20-4778', '', '', 'Operator', 'PN120  Vacuum Forming', '$2y$10$o0.JKYEYFKx1Il7LnwKdAeQCUDKbOpqoRRoI.6Cd8gUr2W5WpNlUe', 'user.jpg', 0, 0, NULL, '2022-Feb-02 09:51:49 AM', 'master', NULL),
(494, '4784', 'Fahrul Rozy', '20-4784', '', '', 'Fitter ', 'PN110  EPS/EPE', '$2y$10$wuF1G0MlQ3ATVR1lcyiLY.5s6zJbqKnJgQ2bAc37ce1QrjpvJwzBO', 'user.jpg', 0, 0, NULL, '2022-Feb-02 09:51:49 AM', 'master', NULL),
(495, '4793', 'Dafrizal', '20-4793', '', '', 'Store Driver', 'PN152  Store', '$2y$10$ELr7wzScErWQTLnmfR8pSuy/m.iK7kvgFWQZ0Nztwg/B2MXoxlcPa', 'user.jpg', 0, 0, NULL, '2022-Feb-02 09:51:49 AM', 'master', NULL),
(496, '4794', 'Chechy Ronal Donata', '20-4794', '', '', 'Technician', 'PN163 General (Tooling)', '$2y$10$u2HS93n8g1u1m0BauM1mkOQQ5kIWA48OeMOUPNQzGbBLiHYRqQPga', 'user.jpg', 0, 0, NULL, '2022-Feb-02 09:51:50 AM', 'master', NULL),
(497, '4795', 'Moh. Mambaul Huda', '20-4795', '', '', 'Technician', 'PN163 General (Tooling)', '$2y$10$SJjypXDh4NayUCXqYS6WYuFqit74DCWnBkqriL2Rum.rQwV55SEC2', 'user.jpg', 0, 0, NULL, '2022-Feb-02 09:51:50 AM', 'master', NULL),
(498, '4798', 'Dewi Arista Ulfa', '21-4798', '', '', 'Senior Officer', 'PN145  Planning', '$2y$10$lsJEO6MxXVKUCTseHIopteKU.FcT076LdZSmhUVXf23AUTU442OL2', 'user.jpg', 0, 0, NULL, '2022-Feb-02 09:51:50 AM', 'master', NULL),
(499, '4802', 'Dimas Ferri Setiawan', '21-4802', '', '', 'Cleaning Service', 'GA214  Cleaning Service', '$2y$10$HeHN6pu86Smvjnpe8A07lOP4EyLda46/jfCNqmGFcCkvLmqh.Km7y', 'user.jpg', 0, 0, NULL, '2022-Feb-02 09:51:50 AM', 'master', NULL),
(500, '4804', 'Sakir', '21-4804', '', '', 'Supervisor', 'PN120  Vacuum Forming', '$2y$10$Eb0czhYXQocygIXpu4QUsu8vjIp0MlJtsclnjO92z5tT/IfJOvQTK', 'user.jpg', 0, 0, NULL, '2022-Feb-02 09:51:50 AM', 'master', NULL),
(501, '4806', 'Jontar Hutagaol', '21-4806', '', '', 'Fitter ', 'PN110  EPS/EPE', '$2y$10$ALryw1qrVswkHq5NqD9cqOnniLmwUOcjkqP4uBoW3rHCtGI2HUi.6', 'user.jpg', 0, 0, NULL, '2022-Feb-02 09:51:50 AM', 'master', NULL),
(502, '4807', 'Gufron Muhajjalin', '21-4807', '', '', 'Operator', 'PN110  EPS/EPE', '$2y$10$rG.HvNdDHCqEtkIaQxcQFuokNKWSpR4.EEQ4gUT3DmHFiGG/L6eSK', 'user.jpg', 0, 0, NULL, '2022-Feb-02 09:51:50 AM', 'master', NULL),
(503, '4818', 'Pebri Desni Rianti', '21-4818', '', '', 'Operator', 'PN120  Vacuum Forming', '$2y$10$3CdJV50nBsUfUm8iPYp8ru3trTt05oi5vpSpa1DjcP4AcB4qqz6da', 'user.jpg', 0, 0, NULL, '2022-Feb-02 09:51:50 AM', 'master', NULL),
(504, '4833', 'Catur Irawan', '21-4833', '', '', 'Asst. Engineer', 'PN183  General (Engineering)', '$2y$10$NBXm6e.hTg7FEEwET2ujt.nc8B2.41rz45YGCPALY8Jt05vcsOtlC', 'user.jpg', 0, 0, NULL, '2022-Feb-02 09:51:50 AM', 'master', NULL),
(505, '4836', 'Muhammad Ridho', '21-4836', '', '', 'IT Assistant', 'GA231  Information Technology', '$2y$10$eElwUGkHKo4XeXMvIKCI4.SYM6Aq0YVykm9YdHZlyKSgQnlj97g3q', 'user.jpg', 0, 0, NULL, '2022-Feb-02 09:51:50 AM', 'master', NULL),
(506, '4837', 'Muhammad Nurman Azhari', '21-4837', '', '', 'Operator', 'PN110  EPS/EPE', '$2y$10$UkgleAVCZY9/VLBl08aicuFJZcQqmKnUmjSwymUVjtN3TD2rYWYHS', 'user.jpg', 0, 0, NULL, '2022-Feb-02 09:51:50 AM', 'master', NULL),
(507, '4838', 'Tasya Imanda', '21-4838', '', '', 'QC Inspector', 'PN171  Quality Control', '$2y$10$8WGfGstMSeUsp6mhvMlSxOG1BH0n8olWmQnpZnrbtsQYTxNe6tPGm', 'user.jpg', 0, 0, NULL, '2022-Feb-02 09:51:50 AM', 'master', NULL),
(508, '4839', 'Ruth Winarti Saragih', '21-4839', '', '', 'Clerk ', 'GA216  HR', '$2y$10$XQLCeUetRM7tWYiYIql1QedIC65hPYP9Vhe4pdVZP9YJIeInGg0mq', 'user.jpg', 0, 0, NULL, '2022-Feb-02 09:51:50 AM', 'master', NULL),
(509, '4840', 'Hengky Widodo', '21-4840', '', '', 'Technician', 'PN163 General (Tooling)', '$2y$10$WCzEIgkhmE01AjY5cOo1j.StNWs4q/haBvX18JcLD6q0L1O.46qbu', 'user.jpg', 0, 0, NULL, '2022-Feb-02 09:51:50 AM', 'master', NULL),
(510, '4841', 'Sudarwati', '21-4841', '', '', 'QC Inspector', 'PN171  Quality Control', '$2y$10$0KVLNuN3eFVAlcGGAmovGu/NRVSwUe6hn7kyenz/cSmgCa9Jh77EC', 'user.jpg', 0, 0, NULL, '2022-Feb-02 09:51:50 AM', 'master', NULL),
(511, '4842', 'Jama\'udin', '21-4842', '', '', 'Operator', 'PN130  General Packaging', '$2y$10$ea.813VQXCbzI0.k2EioSerteVjQVTI/adF01ocQknTdXSQjRKe36', 'user.jpg', 0, 0, NULL, '2022-Feb-02 09:51:50 AM', 'master', NULL),
(512, '4844', 'Evida Juanti', '21-4844', '', '', 'Operator', 'PN120  Vacuum Forming', '$2y$10$CafS/QSTn92dcuzICxzNiesweU4d3zIp4tdZlYZn2KgtdMQk2ez2u', 'user.jpg', 0, 0, NULL, '2022-Feb-02 09:51:50 AM', 'master', NULL),
(513, '4849', 'Ade Irawan', '21-4849', '', '', 'Operator', 'PN120  Vacuum Forming', '$2y$10$DFF18v7hJ3YXpbayK12f6uqAjqsnbmA7lhSt6BTgUO11F2wfRLCBC', 'user.jpg', 0, 0, NULL, '2022-Feb-02 09:51:50 AM', 'master', NULL),
(514, '4851', 'Rajani Pernando Sitinjak', '21-4851', '', '', 'Operator', 'PN120  Vacuum Forming', '$2y$10$R3i8GezP/1Ndf/RI816dSuZ800RLRSZRiZDGJ5hIlO7VLguEwzoaa', 'user.jpg', 0, 0, NULL, '2022-Feb-02 09:51:51 AM', 'master', NULL),
(515, '4853', 'Kriston Simanjuntak ', '21-4853', '', '', 'Technician', 'PN183  General (Engineering)', '$2y$10$2sMCXMz88yToyX/7QwdcBOkA4tP9rf28EahE47/LXqmtDtiLIFBLq', 'user.jpg', 0, 0, NULL, '2022-Feb-02 09:51:51 AM', 'master', NULL),
(516, '4854', 'Syafri Adi Putra ', '21-4854', '', '', 'Operator', 'PN110  EPS/EPE', '$2y$10$KzRgSTZhbPrHjg/cRywqq.dYK5bbEv7QvGayWWJV3weX/u9nwPyqC', 'user.jpg', 0, 0, NULL, '2022-Feb-02 09:51:51 AM', 'master', NULL),
(517, '4855', 'Indrawati', '21-4855', '', '', 'Operator', 'PN110  EPS/EPE', '$2y$10$ci01KgEZg27Wq.87n9UlYe2PhPrlqbKd1zVOxqGUVapOL3t5RFNve', 'user.jpg', 0, 0, NULL, '2022-Feb-02 09:51:51 AM', 'master', NULL),
(518, '4857', 'Refni ', '21-4857', '', '', 'Operator', 'PN130  General Packaging', '$2y$10$VIDn61C6QEHWyi5waHXvSuEHqIMzd8gnkxWVWpIgRpShW6sTXr25K', 'user.jpg', 0, 0, NULL, '2022-Feb-02 09:51:51 AM', 'master', NULL),
(519, '4858', 'Gita Mardiana', '21-4858', '', '', 'Operator', 'PN130  General Packaging', '$2y$10$/d.fOeqoZBHX/9YVqWT8C.ajeEAsEJ3lM1QpmeP67omILmmKXlohK', 'user.jpg', 0, 0, NULL, '2022-Feb-02 09:51:51 AM', 'master', NULL),
(520, '4860', 'Aysah Maryam Making ', '21-4860', '', '', 'Operator', 'PN130  General Packaging', '$2y$10$QcIO4SmAxqIA1YCpQL4xWOA7avjn48NE1dTLVaQuoqOp24D4j7E0S', 'user.jpg', 0, 0, NULL, '2022-Feb-02 09:51:51 AM', 'master', NULL),
(521, '4861', 'Safril Sarif', '21-4861', '', '', 'Operator', 'PN130  General Packaging', '$2y$10$40/U5BcNiyx85e5YqKIt7.KDiJN8VQsd.6CaJLWLAAJbahR.U/iYG', 'user.jpg', 0, 0, NULL, '2022-Feb-02 09:51:51 AM', 'master', NULL),
(522, '4865', 'Kandar ', '21-4865', '', '', 'Operator', 'PN130  General Packaging', '$2y$10$L8ClxkkAxUS0pUEcyIL5jedmeaOvWpcFVnuDLjQFF85DeIDbVmqQG', 'user.jpg', 0, 0, NULL, '2022-Feb-02 09:51:51 AM', 'master', NULL),
(523, '4870', 'Riki Riwandi ', '21-4870', '', '', 'Machine Setter', 'PN120  Vacuum Forming', '$2y$10$zj9/XLAbJ4NUJqj/Exzz5erLziMda5XEiQ7YYiokVvcQdrInVDi/m', 'user.jpg', 0, 0, NULL, '2022-Feb-02 09:51:51 AM', 'master', NULL),
(524, '4872', 'Dina Mariana Naiborhu ', '21-4872', '', '', 'Operator', 'PN120  Vacuum Forming', '$2y$10$AYWrNZvK0ex2qmMsh7m2iunxEpquWU9GDPJ28Sbi7DtgL6PM4TZrq', 'user.jpg', 0, 0, NULL, '2022-Feb-02 09:51:51 AM', 'master', NULL),
(525, '4873', 'Sepriadi ', '21-4873', '', '', 'Asst. Engineer', 'PN183  General (Engineering)', '$2y$10$f7e5XiJ0Fjy0aijcfkUtw.6VvAfye3NtKpduuD76P9.Y0IPQ1hB8u', 'user.jpg', 0, 0, NULL, '2022-Feb-02 09:51:51 AM', 'master', NULL),
(526, '4875', 'Yudi Iskandi ', '21-4875', '', '', 'Technician', 'PN163 General (Tooling)', '$2y$10$7lHG3AyUIOkWbcV5in0GqO1qWXK.jQO.mtiLA8JwLj9o2zuFkEoKq', 'user.jpg', 0, 0, NULL, '2022-Feb-02 09:51:51 AM', 'master', NULL),
(527, '4876', 'Jekson Parulian Manullang ', '21-4876', '', '', 'Store Attendance', 'PN152  Store', '$2y$10$L1W4glMBxaXlJNDEjzeVeenEH9RqLdriu7II/.neTEnw/wGyzM4dK', 'user.jpg', 0, 0, NULL, '2022-Feb-02 09:51:51 AM', 'master', NULL),
(528, '4877', 'Wegi Bayu Perdana ', '21-4877', '', '', 'Store Attendance', 'PN152  Store', '$2y$10$siUJwqQCBrHjOAgzr8iFR.8I52Z/lIOG3xNsPvoucTbDAoE1u6MgW', 'user.jpg', 0, 0, NULL, '2022-Feb-02 09:51:51 AM', 'master', NULL),
(529, '4878', 'Meri Lestari ', '21-4878', '', '', 'Leader', 'PN120  Vacuum Forming', '$2y$10$kGXYXky4hftOZTywWPHHluwCQHoxyVzNERFuTWzKzsOUXBATEU.Nq', 'user.jpg', 0, 0, NULL, '2022-Feb-02 09:51:51 AM', 'master', NULL),
(530, '4879', 'Novi Yerni ', '21-4879', '', '', 'Asst. Leader', 'PN120  Vacuum Forming', '$2y$10$ZtMeLf81ZXRZTc124diUxupejMxwhsAgbzclwlwTOGXpX19Xk6Te6', 'user.jpg', 0, 0, NULL, '2022-Feb-02 09:51:51 AM', 'master', NULL),
(531, '4880', 'Kompas Perri Siregar ', '21-4880', '', '', 'Cuuting Setter ', 'PN120  Vacuum Forming', '$2y$10$nykHpd1mCS3ySYv1uuayFeh6BWu/7BgO4G5jFz/IlwTuX4gzHWCiW', 'user.jpg', 0, 0, NULL, '2022-Feb-02 09:51:51 AM', 'master', NULL),
(532, '4881', 'Ferdinata Ginting ', '21-4881', '', '', 'Operator', 'PN130  General Packaging', '$2y$10$nTLYiyxo.ZIQPzCCsneilO9wR8e..nRt1FWl8own3xOJaohO92ye.', 'user.jpg', 0, 0, NULL, '2022-Feb-02 09:51:52 AM', 'master', NULL),
(533, '4883', 'Mardiana Siregar ', '21-4883', '', '', 'Operator', 'PN130  General Packaging', '$2y$10$KGahmWBnuXqhijh0qpyaiOtMokxkY0OrwUu8vANrwMvv9w0nQ58V.', 'user.jpg', 0, 0, NULL, '2022-Feb-02 09:51:52 AM', 'master', NULL),
(534, '4884', 'Aldi Hendra ', '21-4884', '', '', 'Operator', 'PN130  General Packaging', '$2y$10$ymxroLqvMekT3DIY9pOV9.vgP4ciUlJhaIoMQed0WgXuI8hkW901S', 'user.jpg', 0, 0, NULL, '2022-Feb-02 09:51:52 AM', 'master', NULL),
(535, '4885', 'Sutikno ', '21-4885', '', '', 'Technician', 'PN163 General (Tooling)', '$2y$10$OZUMG7PYg/vShN3KJLPiPesemUZSFGSgDPLEjU3Ba23rekEGimIYK', 'user.jpg', 0, 0, NULL, '2022-Feb-02 09:51:52 AM', 'master', NULL),
(536, '4892', 'Anggun Chairunnisa', '21-4892', '', '', 'Operator', 'PN130  General Packaging', '$2y$10$Sgj..lsiQKpovh0sYWTChuJUIs2n17xWEJ./RVCHWxp8H0.DLdYK.', 'user.jpg', 0, 0, NULL, '2022-Feb-02 09:51:52 AM', 'master', NULL),
(537, '4893', 'Hidayatullah ', '21-4893', '', '', 'Operator', 'PN130  General Packaging', '$2y$10$sPgS/TLjNF9L7MpwIOWU5ehvQxQcJt.VY/4yjM37RMTji8MkqwpA6', 'user.jpg', 0, 0, NULL, '2022-Feb-02 09:51:52 AM', 'master', NULL),
(538, '4894', 'Asnul Sitompul ', '21-4894', '', '', 'Operator', 'PN130  General Packaging', '$2y$10$2542T7c6h9/mrM2Z/M5i.OulE1KWthbXVqdZKdu.h2nW6u/q7vp5u', 'user.jpg', 0, 0, NULL, '2022-Feb-02 09:51:52 AM', 'master', NULL),
(539, '4895', 'Selamet Rahman ', '21-4895', '', '', 'Technician', 'PN183  General (Engineering)', '$2y$10$yFQQarXlUBd7HIPYMbc7DeTUQRUhqGnnDqhlYlMIcfjYcMJPNJgtC', 'user.jpg', 0, 0, NULL, '2022-Feb-02 09:51:52 AM', 'master', NULL),
(540, '4896', 'Taupik ', '21-4896', '', '', 'Store Attendance', 'PN152  Store', '$2y$10$W0p.bjPGcG.eZD5P5bD5Vu5prI6c9OFDyL5AAhsXm75Kz2tUsJOr2', 'user.jpg', 0, 0, NULL, '2022-Feb-02 09:51:52 AM', 'master', NULL),
(541, '4897', 'Eferi Doni ', '21-4897', '', '', 'Driver Store', 'PN152  Store', '$2y$10$cvtdSShiE0xFornb55KsGuafwgIByc7tJBSPcXtEB1/pfRF5349cG', 'user.jpg', 0, 0, NULL, '2022-Feb-02 09:51:52 AM', 'master', NULL),
(542, '4898', 'Riska Asmayanti ', '21-4898', '', '', 'Senior Clerk', 'PN152  Store', '$2y$10$CpYgdLUccwUz6mSeNvcEvOFU58ZofNZrhsIP/b1ObvQ0K7gblUgS.', 'user.jpg', 0, 0, NULL, '2022-Feb-02 09:51:52 AM', 'master', NULL),
(543, '4899', 'Sahruzi Siagian ', '21-4899', '', '', 'Machine Setter', 'PN120  Vacuum Forming', '$2y$10$o3Pj94iyT6MotKHU/RuXRO5m6DPeZr5HBWuS8RIfZN9nKOHLjR6D2', 'user.jpg', 0, 0, NULL, '2022-Feb-02 09:51:52 AM', 'master', NULL),
(544, '4901', 'Limiati Novtiana', '21-4901', '', '', 'Executive', 'PN145  Planning', '$2y$10$AE0HsW7bvKAOh1c7xsoC2uWdqMhPWXIKWbUWWy6Wz40LByUgxnO6O', 'user.jpg', 0, 0, NULL, '2022-Feb-02 09:51:52 AM', 'master', NULL),
(545, '4902', 'Murah Rejeki ', '21-4902', '', '', 'Manager ', 'PN171  Quality Control', '$2y$10$WtRR29Ve9Bc6.ng8RwrFXO4wHWHxpaZ8mX5aCo1BP952IKt7I3mXa', 'user.jpg', 0, 0, NULL, '2022-Feb-02 09:51:52 AM', 'master', NULL),
(546, '4904', 'Chris Donovan Putra Harahap', '21-4904', '', '', 'Operator', 'PN120  Vacuum Forming', '$2y$10$wFXpwwfhb9BH0fketT6HfOC6sQ7kRWZT6.o21N/rMUvdnnsarnC76', 'user.jpg', 0, 0, NULL, '2022-Feb-02 09:51:52 AM', 'master', NULL),
(547, '4905', 'Desi Muhlisyaningsih ', '21-4905', '', '', 'Operator', 'PN120  Vacuum Forming', '$2y$10$zxFruVhr.km1X8ystpBnr..JpzO.kpVPyzrzKTOEdsOti4QR5zbGq', 'user.jpg', 0, 0, NULL, '2022-Feb-02 09:51:52 AM', 'master', NULL),
(548, '4906', 'Paulus Ba\'un ', '21-4906', '', '', 'Store Attendance', 'PN152  Store', '$2y$10$PCSP46nb88IRGrGbxil2GuQTSSULq7IpddJMUbJMA1ZWABMjIcR5W', 'user.jpg', 0, 0, NULL, '2022-Feb-02 09:51:52 AM', 'master', NULL),
(549, '4909', 'Jumadil Ilham ', '21-4909', '', '', 'Snr. Asst Engineer', 'PN148  Sales Design', '$2y$10$M14e8ofNKEHZnzcdvXTGkuKDpjS7DebqN.ddxkwDdSMcJLqS9U00S', 'user.jpg', 0, 0, NULL, '2022-Feb-02 09:51:53 AM', 'master', NULL),
(550, '4910', 'David Valentin Putra ', '21-4910', '', '', 'Operator ', 'PN130  General Packaging', '$2y$10$oG3wicv2ZgZ6dAYX31GgTeJJvadVqedAzK.HXK2zhnfvmD5rxlqHq', 'user.jpg', 0, 0, NULL, '2022-Feb-02 09:51:53 AM', 'master', NULL),
(551, '4915', 'Gabriella Angela Saputra ', '21-4915', '', '', 'Operator ', 'PN110  EPS/EPE', '$2y$10$oiwdMOkSLhnWa20XU4dGKurEqzMaE4hk59VeUIZnZYPqn/p/ChyUO', 'user.jpg', 0, 0, NULL, '2022-Feb-02 09:51:53 AM', 'master', NULL),
(552, '4917', 'Ringga Septia Pribadi ', '21-4917', '', '', 'Technician', 'GA231  Information Technology', '$2y$10$K4OrLnAZrotlPTN6Fiwige0K36u7xa8Q/9RdhlPF6Bsf7NQdoRkvu', 'user.jpg', 0, 0, NULL, '2022-Feb-02 09:51:53 AM', 'master', NULL),
(553, '4918', 'Heri Irawan ', '21-4918', '', '', 'Technician', 'PN183  General (Engineering)', '$2y$10$3ZKD22EymNdSchx9QQUjtOc/c44KYHPCr9W2rcnLnvJi30wsIvpn2', 'user.jpg', 0, 0, NULL, '2022-Feb-02 09:51:53 AM', 'master', NULL),
(554, '4919', 'Tri Devi T.H Hutabarat ', '21-4919', '', '', 'Snr. Executive', 'GA221  Account', '$2y$10$xswi1fD.ZSFYc55czOo73.6hoFwr65bNAY0KVUt8XCU4fzed0p6Ju', 'user.jpg', 0, 0, NULL, '2022-Feb-02 09:51:53 AM', 'master', NULL),
(555, '4921', 'Dewi Sartika', '21-4921', '', '', 'Executive', 'GA216  HR', '$2y$10$4Uf8fCUSVTOHgXT6DlvAQ.OFHYWooSpwZJcmuS3MYAXE5PfraYpv6', 'user.jpg', 0, 0, NULL, '2022-Feb-02 09:51:53 AM', 'master', NULL),
(556, '4922', 'Juliaman Hutabarat ', '21-4922', '', '', 'Asst. Supervisor', 'PN152  Store', '$2y$10$5yb4wdLISCWQD36pQJmby.7t/LFfV38ldpOJU8ZciZJXlb8l3E.Yi', 'user.jpg', 0, 0, NULL, '2022-Feb-02 09:51:53 AM', 'master', NULL),
(557, '4923', 'Thara Feby Angela ', '21-4923', '', '', 'Clerk ', 'PN152  Store', '$2y$10$7L2OnyTGZc3N1bQ9T87.S.cgMGGtLRYQUcAtP/LZ90JKL1TUpQBRG', 'user.jpg', 0, 0, NULL, '2022-Feb-02 09:51:53 AM', 'master', NULL),
(558, '4924', 'Dany Catur Arianto', '21-4924', '', '', 'QC Inspector', 'PN171  Quality Control', '$2y$10$EfBPjnIRjDt8RGE2Rt0TiutqOLyjdKe6AY5kHDi4eSlUGCEK67fgK', 'user.jpg', 0, 0, NULL, '2022-Feb-02 09:51:53 AM', 'master', NULL),
(559, '4927', 'Yan pauzal ', '21-4927', '', '', 'Machine Setter', 'PN110  EPS/EPE', '$2y$10$iQd4Ztc2SikUKjlpZRsoe.7OqCLxElmydEIznV6lkPWM4XvyhRlNC', 'user.jpg', 0, 0, NULL, '2022-Feb-02 09:51:53 AM', 'master', NULL),
(560, '4928', 'Febrin Yurindo ', '21-4928', '', '', 'Fitter ', 'PN110  EPS/EPE', '$2y$10$9zcktP58cKrYcYHrc.3OFuf5fWHT4cctu/vzvLaGIepmhX9v2mVNO', 'user.jpg', 0, 0, NULL, '2022-Feb-02 09:51:53 AM', 'master', NULL),
(561, '4929', 'Nurul Hasna ', '21-4929', '', '', 'Operator ', 'PN110  EPS/EPE', '$2y$10$CVKTI0p50f5JACozJEG3wusk.A57oCsk7jhtO8qntrjTH8GOc2pky', 'user.jpg', 0, 0, NULL, '2022-Feb-02 09:51:53 AM', 'master', NULL),
(562, '4930', 'Surya Darma ', '21-4930', '', '', 'Operator ', 'PN130  General Packaging', '$2y$10$UlXZRizIzN7wUSRokV/R3.Syv4QuaQ2QRsBhttTb1I1vv87MLo2ru', 'user.jpg', 0, 0, NULL, '2022-Feb-02 09:51:53 AM', 'master', NULL),
(563, '4931', 'Rhido Abdul Rachman Gajah ', '21-4931', '', '', 'Operator ', 'PN130  General Packaging', '$2y$10$ceuHNYvlVNuTl3IZP/Y79upfv/CLdPX/tMVNjdzTJf2uJwarU3tqe', 'user.jpg', 0, 0, NULL, '2022-Feb-02 09:51:53 AM', 'master', NULL),
(564, '4932', 'Rovida Rahmi ', '21-4932', '', '', 'Operator ', 'PN130  General Packaging', '$2y$10$VhwWi9kkELuuqE9KKp1wVOgo5rIgbekdJA3CpD4fbvYx9YPUGRcvi', 'user.jpg', 0, 0, NULL, '2022-Feb-02 09:51:53 AM', 'master', NULL),
(565, '4933', 'Yurlinda ', '21-4933', '', '', 'Operator ', 'PN120  Vacuum Forming', '$2y$10$FBO.dMxZSeq9ZpLOwTPHbe7jqkLoUO2YIAnzjo0JTWzjqLC0xh3ny', 'user.jpg', 0, 0, NULL, '2022-Feb-02 09:51:53 AM', 'master', NULL),
(566, '4934', 'Helmaliza ', '21-4934', '', '', 'Operator ', 'PN120  Vacuum Forming', '$2y$10$ZNudpX3Dwu4.LCT/uzV2A.ygOyXqBlQx3dlE.qZJstGEsartVYE1W', 'user.jpg', 0, 0, NULL, '2022-Feb-02 09:51:53 AM', 'master', NULL),
(567, '4935', 'Delista Sianturi ', '21-4935', '', '', 'Operator ', 'PN120  Vacuum Forming', '$2y$10$Y5aZCGjfjmIHSHRabx/.q.eK5E3ccBddb/qFHy2lZ.KyWy7P.CXqu', 'user.jpg', 0, 0, NULL, '2022-Feb-02 09:51:54 AM', 'master', NULL),
(568, '4936', 'Widia Dewi Laia ', '21-4936', '', '', 'Operator ', 'PN120  Vacuum Forming', '$2y$10$GU12rYm6x89kxQ2l/05D0ur2.Wxa0vzrL4478gS5XzoTrk2ecs6Cy', 'user.jpg', 0, 0, NULL, '2022-Feb-02 09:51:54 AM', 'master', NULL),
(569, '4937', 'Rika Ayu ', '21-4937', '', '', 'Operator ', 'PN120  Vacuum Forming', '$2y$10$j9VT1xNG2BCRPCPWR7Wz2ORDewrV4BVvPpQ/z.NuvStQG4MVKS2hq', 'user.jpg', 0, 0, NULL, '2022-Feb-02 09:51:54 AM', 'master', NULL),
(570, '4940', 'Randy Afrimaputra', '21-4940', '', '', 'Operator ', 'PN120  Vacuum Forming', '$2y$10$SIZyn7qUWTaOyb/0pCSkeuaAcmm0J/lmkez57PGx0mRgfVJKNDDPq', 'user.jpg', 0, 0, NULL, '2022-Feb-02 09:51:54 AM', 'master', NULL),
(571, '4942', 'Khairil Anwar', '21-4942', '', '', 'Operator ', 'PN120  Vacuum Forming', '$2y$10$OOD58pumnMiM65k0KNkMzO6jMcuyBkpcRNHzbjffHwAR/S4ze5iiS', 'user.jpg', 0, 0, NULL, '2022-Feb-02 09:51:54 AM', 'master', NULL),
(572, '4944', 'Esther Indrayani Lumban Gaol', '21-4944', '', '', 'Operator ', 'PN110  EPS/EPE', '$2y$10$sWCZjUWbwRfLELLnNLM6buyKQQeuYhYRnuWv.T6SiBeptf1O4jsNW', 'user.jpg', 0, 0, NULL, '2022-Feb-02 09:51:54 AM', 'master', NULL),
(573, '4945', 'Yudik Eko Sunaryo ', '21-4945', '', '', 'Store Attendance', 'PN152  Store', '$2y$10$lCSAtisb3C1KmoJy4AOwYu.FCbo7WpkMPkh6HUx0UiUxPYKesH/UK', 'user.jpg', 0, 0, NULL, '2022-Feb-02 09:51:54 AM', 'master', NULL),
(574, '4946', 'Farizal Akbar', '21-4946', '', '', 'Operator', 'PN120  Vacuum Forming', '$2y$10$STv9i.ZNVhePyOc2yZVMO.duyJ1E1xeBBYL86/Du0q8hM9PIaj/0e', 'user.jpg', 0, 0, NULL, '2022-Feb-02 09:51:54 AM', 'master', NULL),
(575, '4947', 'M. Yunus Pulungan', '21-4947', '', '', 'Operator', 'PN120  Vacuum Forming', '$2y$10$drwrCAkLDbupFy.YVHsb8.YxS1mti6iZcBnpwII4KeNzlvbrfA2.q', 'user.jpg', 0, 0, NULL, '2022-Feb-02 09:51:54 AM', 'master', NULL),
(576, '4948', 'Edi Zulkarnain', '21-4948', '', '', 'Operator', 'PN120  Vacuum Forming', '$2y$10$ukw8LcDlvNfmdEDBBbdmh.iz.s7VT4k9l5c/3vBPMR0Gool4JeMy2', 'user.jpg', 0, 0, NULL, '2022-Feb-02 09:51:54 AM', 'master', NULL),
(577, '4950', 'Nabila Dea Alifia', '21-4950', '', '', 'Clerk ', 'GA271 Marketing Departemen', '$2y$10$gLS6378IUNKJWoXlNMkbEeUHlNiQrYwy.gsfYCteCWvmtELTUs.oW', 'user.jpg', 0, 0, NULL, '2022-Feb-02 09:51:54 AM', 'master', NULL),
(578, '4953', 'Mareta Pujawati', '21-4953', '', '', 'Operator ', 'PN130  General Packaging', '$2y$10$l2gNmwA/N3zZoF03ECkJs.L5zvPYIwohqI6InZny7uu3fChmT8lj.', 'user.jpg', 0, 0, NULL, '2022-Feb-02 09:51:54 AM', 'master', NULL),
(579, '4955', 'Mavfira Adillah', '21-4955', '', '', 'Operator', 'PN120  Vacuum Forming', '$2y$10$uq8IjPxu/6.Eb2hUFdDDdu./TKACikOmu9YcYTrQwkGt1EO.zVtEm', 'user.jpg', 0, 0, NULL, '2022-Feb-02 09:51:54 AM', 'master', NULL),
(580, '4958', 'Herlina', '21-4958', '', '', 'Asst. Leader', 'PN110  EPS/EPE', '$2y$10$Z9m//0Fo4buaTIrl.lFHXek8euKVGkAwR/QW8v.vWHvjzk4COf9LS', 'user.jpg', 0, 0, NULL, '2022-Feb-02 09:51:54 AM', 'master', NULL),
(581, '4960', 'Andre Saputra', '21-4960', '', '', 'Operator', 'PN120  Vacuum Forming', '$2y$10$qUNhnK.mqbSp0Pq4Hgq8R.GEfqpK61DSFtGBlz7L/l7RfNd4hx7Ci', 'user.jpg', 0, 0, NULL, '2022-Feb-02 09:51:54 AM', 'master', NULL),
(582, '4961', 'Andre Setiawan', '21-4961', '', '', 'Operator', 'PN130  General Packaging', '$2y$10$y7biOr9uAbobgt1.7CVq4.2Myopeckach/lZoNbjuCLikw4592ACW', 'user.jpg', 0, 0, NULL, '2022-Feb-02 09:51:54 AM', 'master', NULL),
(583, '4962', 'Battiar', '21-4962', '', '', 'Store Attendance', 'PN152  Store', '$2y$10$QR7fXXgzBRKji9P8AXvkx.WI0JEe6uSKNeXhNj6tQhrqRE1.ichoa', 'user.jpg', 0, 0, NULL, '2022-Feb-02 09:51:54 AM', 'master', NULL),
(584, '4963', 'Wiko Pratama', '21-4963', '', '', 'Store Attendance', 'PN152  Store', '$2y$10$LXhOJX6efjC7famGu1em3urWD.JWl.WyREMghbWU9qt.PAwzM9GsC', 'user.jpg', 0, 0, NULL, '2022-Feb-02 09:51:54 AM', 'master', NULL),
(585, '4965', 'Rio Rianto', '21-4965', '', '', 'Cleaning Service', 'GA214  Cleaning Service', '$2y$10$Lmbtd11AmT8p/M.UtYHqIOU0N1SYWyJMUi/xR2vYUFPZ56n5zJ4de', 'user.jpg', 0, 0, NULL, '2022-Feb-02 09:51:55 AM', 'master', NULL),
(586, '4966', 'Mardiana', '22-4966', '', '', 'Clerk ', 'GA216  HR', '$2y$10$RZop3YJb95S6Y0tQ5Mn4MOpBTKaPwE.BXhL29PT2NY5tqAsJLAwpy', 'user.jpg', 0, 0, NULL, '2022-Feb-02 09:51:55 AM', 'master', NULL),
(587, '9009', 'Jumakruf', '97-0009', '', '', 'Manager', 'PN110  EPS/EPE', '$2y$10$0Cx1iiuBY.iULwk0NZDPOuEeiifFvS78M6MTwuTMeAbh7pGYie1ma', 'user.jpg', 0, 0, NULL, '2022-Feb-02 09:51:55 AM', 'master', '2022-Feb-02 09:57:12 AM By master'),
(588, '9046', 'Asri Rahayu Suyanti', '97-0046', '', '', 'Executive', 'PN171  Quality Control', '$2y$10$WVndN3X8dNwxGVT.dBQroeQI03.iBk4mGxi89LWg9AVpmUS3sOV.G', 'user.jpg', 0, 0, NULL, '2022-Feb-02 09:51:55 AM', 'master', '2022-Feb-02 09:57:44 AM By master'),
(589, '9433', 'Andi Suseno', '01-0433', '', '', 'Snr. Executive', 'GA231  Information Technology', '$2y$10$Sfs1HxaS3a.8ht7tIw0J9.MNQQVtdLoYNmjufjy3R9TBRUrw5PlZC', 'user.jpg', 0, 0, NULL, '2022-Feb-02 09:51:55 AM', 'master', '2022-Feb-02 09:58:12 AM By master'),
(590, '13', '438', '13', 'jimmy@gmail.com', ' ', 'security', '1', '$2y$10$Yyd7Ndrj6nedQKGmqAx/aesgdokOZqBNZuQfxXa3vYOXeqmdChvfq', 'user.kpg', 1, 0, NULL, NULL, NULL, NULL);

-- --------------------------------------------------------

--
-- Table structure for table `user_token`
--

DROP TABLE IF EXISTS `user_token`;
CREATE TABLE IF NOT EXISTS `user_token` (
  `bet_id` varchar(50) DEFAULT NULL,
  `token` varchar(255) DEFAULT NULL,
  `exp` varchar(50) DEFAULT NULL,
  `firebase` varchar(50) DEFAULT NULL,
  KEY `id_user` (`bet_id`) USING BTREE
) ENGINE=InnoDB DEFAULT CHARSET=utf8mb4 COLLATE=utf8mb4_0900_ai_ci;

--
-- Dumping data for table `user_token`
--

INSERT INTO `user_token` (`bet_id`, `token`, `exp`, `firebase`) VALUES
('5', '2y10ohKXmuV84Lo0EspJd9OLGO97fHSF1ihOZtxPF955NzdFcuqcEe', '1643853389', NULL),
('276', '2y10M79Ys1feHz341r5Sobe2euFaAS05JZF0eKx7msN1h0Egyq1wvsO', '1643853389', NULL),
('277', '2y10HjApkrT9HrU1VetbDrNuoDqc8HpWmdF0HWcpByUF8FtgqXmC', '1643853389', NULL),
('438', '2y10u8lkHRArqIOp8cYsPpHIlzx2wWqDtZpZdzMERiw7yWN6heDBszC', '1643853389', NULL),
('278', '2y10JcoiG1jlwE8k4YyTvRcOiehRGzxco617kCGZB0pxF5D7rbd06sLRS', '1643853389', NULL),
('279', '2y10nq0AhfMukfaVUkkwHQnYOcZ84GYtWFnhWwy1I7f0osjynCb2s0a', '1643853389', NULL),
('274', '2y10POtpikypGfR5ZZH4xB3NC4vR0lRFDBXsRBOHMZh6giHERBLbm', '1643853389', NULL),
('395', '2y10UXnQiU5muo4NKqu6WYNUQxb1KYXJ7BeB5nVZIJO7SAwILlyk5UO', '1643853389', NULL),
('443', '2y104bS2DzdlPz5FVq0tFqB5ezPp7kr9QMX8VCWos1855z70uKQeN5u', '1643853389', NULL);

-- --------------------------------------------------------

--
-- Table structure for table `user_undian`
--

DROP TABLE IF EXISTS `user_undian`;
CREATE TABLE IF NOT EXISTS `user_undian` (
  `id` int NOT NULL AUTO_INCREMENT,
  `name` varchar(50) DEFAULT NULL,
  `bet_id` varchar(50) DEFAULT NULL,
  `hadiah` int DEFAULT NULL,
  `is_active` int DEFAULT '1',
  `create` varchar(50) DEFAULT NULL,
  PRIMARY KEY (`id`),
  UNIQUE KEY `bet_id` (`bet_id`)
) ENGINE=InnoDB AUTO_INCREMENT=7 DEFAULT CHARSET=utf8mb4 COLLATE=utf8mb4_0900_ai_ci;
COMMIT;

/*!40101 SET CHARACTER_SET_CLIENT=@OLD_CHARACTER_SET_CLIENT */;
/*!40101 SET CHARACTER_SET_RESULTS=@OLD_CHARACTER_SET_RESULTS */;
/*!40101 SET COLLATION_CONNECTION=@OLD_COLLATION_CONNECTION */;
